"","PLACEFIPS","AntiTrumpProtestPreGFCount"
"1","",24
"2","0100820",2
"3","0101708",2
"4","0101852",4
"5","0102116",1
"6","0102956",1
"7","0103076",7
"8","0107000",43
"9","0112016",1
"10","0114104",1
"11","0119648",1
"12","0120104",3
"13","0120296",1
"14","0121184",6
"15","0125240",2
"16","0126896",11
"17","0128696",4
"18","0129056",1
"19","0131024",1
"20","0133472",1
"21","0135896",4
"22","0137000",31
"23","0138416",2
"24","0143120",1
"25","0144608",1
"26","0148064",3
"27","0148400",1
"28","0150000",24
"29","0150192",1
"30","0150312",3
"31","0151000",33
"32","0157000",2
"33","0157048",1
"34","0157576",1
"35","0158848",1
"36","0168160",1
"37","0169120",4
"38","0171976",1
"39","0173848",1
"40","0176944",1
"41","0177256",13
"42","0180928",1
"43","0200065",1
"44","0203000",64
"45","0204210",1
"46","0206520",3
"47","0217410",5
"48","0218950",3
"49","0224230",27
"50","0230940",2
"51","0231050",4
"52","0233140",16
"53","0236400",35
"54","0238420",2
"55","0238970",7
"56","0240950",4
"57","0241830",1
"58","0254920",4
"59","0258660",5
"60","0260310",2
"61","0268340",1
"62","0268560",3
"63","0270540",8
"64","0270760",2
"65","0271640",9
"66","0274830",1
"67","0277800",1
"68","0280660",1
"69","0280770",3
"70","0281920",3
"71","0282200",5
"72","0283080",3
"73","0285610",1
"74","0286380",2
"75","0400870",7
"76","0402430",1
"77","0404720",2
"78","0405770",3
"79","0406260",7
"80","0407940",1
"81","0409340",1
"82","0410530",2
"83","0411300",1
"84","0412000",10
"85","0414380",1
"86","0415500",1
"87","0416410",2
"88","0420050",174
"89","0422220",1
"90","0422360",3
"91","0423620",36
"92","0423760",2
"93","0425300",1
"94","0427400",7
"95","0427820",17
"96","0428140",2
"97","0428380",1
"98","0429710",3
"99","0436290",1
"100","0436430",1
"101","0437620",6
"102","0439370",3
"103","0444410",1
"104","0446000",17
"105","0447400",1
"106","0449640",4
"107","0451600",1
"108","0453700",10
"109","0454050",4
"110","0455000",147
"111","0455845",1
"112","0455980",1
"113","0457380",20
"114","0457450",1
"115","0462000",1
"116","0462140",3
"117","0463470",2
"118","0465000",14
"119","0465350",13
"120","0466470",6
"121","0466820",6
"122","0466845",1
"123","0471510",2
"124","0473000",19
"125","0473420",1
"126","0474190",2
"127","0475940",1
"128","0477000",90
"129","0483720",1
"130","0483930",1
"131","0485330",1
"132","0485540",16
"133","0501870",1
"134","0504600",1
"135","0505320",5
"136","0509790",1
"137","0510300",1
"138","0512820",1
"139","0513450",1
"140","0515190",9
"141","0518490",1
"142","0522240",5
"143","0523290",21
"144","0524550",9
"145","0528510",1
"146","0531190",1
"147","0533400",3
"148","0535710",9
"149","0541000",42
"150","0541720",1
"151","0544600",1
"152","0547390",2
"153","0550450",3
"154","0554200",1
"155","0560410",4
"156","0561670",1
"157","0564370",1
"158","0566080",10
"159","0568810",2
"160","0571480",2
"161","0575170",2
"162","0600296",6
"163","0600394",3
"164","0600562",20
"165","0600618",1
"166","0600674",6
"167","0600884",2
"168","0600947",3
"169","0601290",2
"170","0601640",1
"171","0602000",13
"172","0602042",1
"173","0602112",3
"174","0602210",1
"175","0602252",3
"176","0602364",3
"177","0602378",3
"178","0602462",1
"179","0602476",13
"180","0602868",5
"181","0603064",2
"182","0603092",2
"183","0603162",1
"184","0603204",5
"185","0603274",9
"186","0603316",1
"187","0603386",2
"188","0603512",1
"189","0603526",39
"190","0603666",1
"191","0604030",4
"192","0604758",2
"193","0605108",1
"194","0605164",1
"195","0605290",4
"196","0606000",72
"197","0606308",7
"198","0606406",1
"199","0606798",9
"200","0607498",1
"201","0607512",3
"202","0607596",1
"203","0607652",1
"204","0608100",12
"205","0608142",3
"206","0608786",1
"207","0608954",15
"208","0609066",3
"209","0609150",1
"210","0609598",4
"211","0609710",3
"212","0609892",2
"213","0610046",6
"214","0610074",7
"215","0610345",2
"216","0611040",1
"217","0611194",7
"218","0611250",3
"219","0611324",3
"220","0611390",1
"221","0611446",5
"222","0611530",2
"223","0611796",2
"224","0611964",6
"225","0612048",1
"226","0612524",2
"227","0612930",1
"228","0613014",25
"229","0613210",1
"230","0613214",2
"231","0613294",1
"232","0613392",15
"233","0613756",11
"234","0614190",2
"235","0614218",8
"236","0614260",3
"237","0614302",1
"238","0614946",2
"239","0615044",3
"240","0616000",12
"241","0616350",7
"242","0616378",2
"243","0616462",1
"244","0616532",5
"245","0616560",1
"246","0616644",1
"247","0616742",3
"248","0617022",6
"249","0617568",5
"250","0617610",6
"251","0617750",2
"252","0617918",2
"253","0617946",1
"254","0617988",4
"255","0618100",21
"256","0618394",2
"257","0618464",1
"258","0618506",4
"259","0618996",1
"260","0619192",3
"261","0619766",3
"262","0619990",4
"263","0620018",5
"264","0620956",1
"265","0621230",1
"266","0621712",11
"267","0621782",2
"268","0621796",11
"269","0621880",2
"270","0622020",7
"271","0622230",1
"272","0622300",3
"273","0622594",6
"274","0622678",15
"275","0622804",15
"276","0623042",15
"277","0623168",3
"278","0623182",5
"279","0623294",2
"280","0623616",1
"281","0623826",1
"282","0624092",1
"283","0624638",2
"284","0624680",5
"285","0625058",13
"286","0625296",1
"287","0625338",2
"288","0625436",2
"289","0626000",13
"290","0627000",50
"291","0628000",15
"292","0628112",1
"293","0628154",1
"294","0628168",4
"295","0629000",5
"296","0629154",1
"297","0629504",2
"298","0630000",5
"299","0630014",2
"300","0630378",1
"301","0630658",1
"302","0630693",2
"303","0630798",11
"304","0630994",2
"305","0631393",1
"306","0631470",1
"307","0631540",1
"308","0631568",1
"309","0631708",3
"310","0631960",8
"311","0632548",2
"312","0633000",5
"313","0633056",7
"314","0633182",7
"315","0633434",3
"316","0633588",1
"317","0634120",6
"318","0634652",1
"319","0636000",24
"320","0636056",3
"321","0636203",9
"322","0636294",2
"323","0636448",3
"324","0636490",1
"325","0636546",1
"326","0636616",2
"327","0636770",27
"328","0636868",1
"329","0637274",1
"330","0637554",5
"331","0637624",1
"332","0638114",2
"333","0638226",1
"334","0638520",1
"335","0638548",2
"336","0638646",1
"337","0639003",5
"338","0639045",2
"339","0639122",3
"340","0639178",18
"341","0639220",6
"342","0639248",3
"343","0639318",1
"344","0639425",1
"345","0639444",1
"346","0639486",3
"347","0639496",5
"348","0639570",1
"349","0639710",11
"350","0639766",3
"351","0639892",2
"352","0640004",4
"353","0640032",3
"354","0640130",5
"355","0640256",1
"356","0640340",2
"357","0640354",2
"358","0640438",3
"359","0640830",1
"360","0640886",3
"361","0640928",2
"362","0640998",1
"363","0641474",1
"364","0641782",1
"365","0641992",10
"366","0642006",1
"367","0642202",1
"368","0642370",1
"369","0642524",6
"370","0643000",34
"371","0643140",1
"372","0643224",5
"373","0643280",7
"374","0644000",475
"375","0644112",6
"376","0644350",1
"377","0644574",1
"378","0644910",1
"379","0645246",6
"380","0645358",1
"381","0645400",7
"382","0645484",3
"383","0645778",1
"384","0645932",1
"385","0646114",1
"386","0646170",6
"387","0646492",1
"388","0646618",1
"389","0646632",1
"390","0646814",2
"391","0646842",2
"392","0646870",6
"393","0646898",10
"394","0647332",1
"395","0647430",1
"396","0647710",12
"397","0647766",2
"398","0647822",4
"399","0648256",5
"400","0648354",25
"401","0648648",1
"402","0648816",3
"403","0648872",23
"404","0648914",3
"405","0649138",3
"406","0649270",6
"407","0649278",11
"408","0649362",3
"409","0649670",19
"410","0649852",3
"411","0650076",5
"412","0650258",21
"413","0650398",2
"414","0650874",7
"415","0650916",1
"416","0651140",1
"417","0651182",5
"418","0651476",1
"419","0651868",1
"420","0652582",8
"421","0652624",1
"422","0652694",2
"423","0652764",4
"424","0653000",80
"425","0653070",3
"426","0653116",1
"427","0653322",14
"428","0653476",11
"429","0653896",4
"430","0653980",14
"431","0654232",2
"432","0654386",3
"433","0654652",10
"434","0654806",9
"435","0655048",1
"436","0655156",11
"437","0655184",5
"438","0655254",19
"439","0655282",44
"440","0655520",1
"441","0655618",1
"442","0656000",32
"443","0656112",1
"444","0656700",2
"445","0656756",1
"446","0656784",16
"447","0656924",3
"448","0656938",5
"449","0657414",1
"450","0657456",4
"451","0657526",1
"452","0657540",5
"453","0657764",2
"454","0657792",9
"455","0657876",2
"456","0657960",2
"457","0658030",2
"458","0658072",4
"459","0658240",5
"460","0658380",2
"461","0658520",5
"462","0659080",8
"463","0659346",4
"464","0659451",10
"465","0659500",1
"466","0659514",4
"467","0659584",2
"468","0659587",5
"469","0659920",22
"470","0659962",10
"471","0660018",12
"472","0660102",14
"473","0660466",1
"474","0660620",15
"475","0660704",8
"476","0660942",1
"477","0661026",1
"478","0661068",1
"479","0662000",30
"480","0662364",4
"481","0662490",1
"482","0662546",4
"483","0662602",3
"484","0662938",16
"485","0662980",2
"486","0664000",127
"487","0664140",2
"488","0664210",1
"489","0664224",13
"490","0664434",5
"491","0665000",22
"492","0665042",29
"493","0665070",1
"494","0665084",5
"495","0666000",202
"496","0666070",1
"497","0666140",1
"498","0667000",243
"499","0667042",3
"500","0667112",2
"501","0668000",81
"502","0668028",2
"503","0668084",6
"504","0668112",1
"505","0668154",36
"506","0668196",11
"507","0668252",18
"508","0668364",24
"509","0668378",8
"510","0669000",23
"511","0669070",40
"512","0669084",5
"513","0669088",30
"514","0669112",42
"515","0669154",1
"516","0669196",17
"517","0670000",24
"518","0670042",1
"519","0670098",40
"520","0670224",2
"521","0670280",5
"522","0670364",2
"523","0670686",1
"524","0670712",5
"525","0670728",1
"526","0670742",6
"527","0670770",8
"528","0670882",1
"529","0671554",2
"530","0671806",8
"531","0671876",1
"532","0672016",5
"533","0672576",3
"534","0672646",18
"535","0672674",13
"536","0672688",1
"537","0672996",2
"538","0673080",1
"539","0673108",4
"540","0673220",8
"541","0673696",2
"542","0673906",2
"543","0674130",1
"544","0675000",25
"545","0676015",3
"546","0677000",5
"547","0677364",1
"548","0677392",3
"549","0678092",2
"550","0678120",17
"551","0678148",1
"552","0678582",13
"553","0678960",1
"554","0680000",17
"555","0680238",7
"556","0680588",13
"557","0680644",2
"558","0680812",6
"559","0680854",5
"560","0681134",20
"561","0681204",1
"562","0681344",2
"563","0681358",1
"564","0681554",3
"565","0681666",13
"566","0682422",1
"567","0682590",11
"568","0682954",15
"569","0682996",74
"570","0683332",2
"571","0683346",22
"572","0683612",1
"573","0683668",17
"574","0683794",2
"575","0683850",2
"576","0684200",2
"577","0684410",4
"578","0684438",7
"579","0684550",3
"580","0684592",1
"581","0684732",1
"582","0684928",2
"583","0685292",6
"584","0685446",1
"585","0685586",1
"586","0685600",4
"587","0686034",2
"588","0686328",7
"589","0686804",1
"590","0686832",3
"591","0686912",2
"592","0687042",3
"593","0687056",6
"594","0800870",1
"595","0801090",6
"596","0803455",5
"597","0803620",15
"598","0803730",1
"599","0804000",33
"600","0804110",3
"601","0804935",3
"602","0806255",2
"603","0807850",63
"604","0808400",3
"605","0808675",2
"606","0808950",1
"607","0809280",9
"608","0809555",1
"609","0811810",4
"610","0812045",4
"611","0812415",6
"612","0812635",1
"613","0812815",2
"614","0814765",1
"615","0816000",70
"616","0816110",1
"617","0816495",1
"618","0817375",13
"619","0818310",5
"620","0818420",1
"621","0820000",171
"622","0822035",42
"623","0823300",5
"624","0824785",5
"625","0824950",2
"626","0825115",2
"627","0825390",4
"628","0827425",36
"629","0827810",2
"630","0827865",1
"631","0828305",2
"632","0828360",1
"633","0828690",1
"634","0830780",9
"635","0830835",5
"636","0831605",1
"637","0831660",23
"638","0832155",9
"639","0833035",3
"640","0833640",8
"641","0833695",3
"642","0836410",2
"643","0837545",1
"644","0838370",2
"645","0841835",8
"646","0842330",1
"647","0843000",4
"648","0845255",13
"649","0845955",3
"650","0845970",27
"651","0846355",3
"652","0846465",4
"653","0847070",1
"654","0848115",1
"655","0848445",2
"656","0848940",1
"657","0850920",1
"658","0851745",6
"659","0851800",1
"660","0853175",1
"661","0853395",1
"662","0853780",2
"663","0856860",2
"664","0857300",4
"665","0857630",3
"666","0858675",1
"667","0862000",25
"668","0864200",3
"669","0867280",8
"670","0870580",1
"671","0873825",13
"672","0874375",1
"673","0876795",6
"674","0878610",3
"675","0880040",5
"676","0883835",1
"677","0884770",1
"678","0885485",2
"679","0885705",2
"680","0886750",2
"681","0901150",1
"682","0904790",4
"683","0904945",2
"684","0904965",2
"685","0907345",3
"686","0908000",17
"687","0908140",2
"688","0908420",2
"689","0908770",3
"690","0908910",1
"691","0914200",3
"692","0914370",1
"693","0915840",1
"694","0918430",6
"695","0918780",2
"696","0918936",2
"697","0919200",1
"698","0920740",1
"699","0922420",1
"700","0922700",6
"701","0924520",1
"702","0926370",1
"703","0930470",6
"704","0931270",3
"705","0933690",16
"706","0934180",1
"707","0935020",8
"708","0937000",110
"709","0937770",3
"710","0937930",5
"711","0938050",4
"712","0940150",1
"713","0941830",9
"714","0943300",3
"715","0944630",4
"716","0944690",9
"717","0945995",1
"718","0946450",9
"719","0947290",7
"720","0947515",8
"721","0947990",16
"722","0949110",12
"723","0949810",2
"724","0949880",2
"725","0950370",5
"726","0950576",3
"727","0952000",78
"728","0952210",1
"729","0952280",14
"730","0952560",4
"731","0952770",1
"732","0952910",8
"733","0953120",1
"734","0953400",4
"735","0954940",2
"736","0955990",14
"737","0956200",5
"738","0956690",1
"739","0957390",2
"740","0957670",1
"741","0958520",2
"742","0959140",1
"743","0960090",1
"744","0960260",1
"745","0961870",1
"746","0963620",2
"747","0963900",7
"748","0966455",1
"749","0968100",2
"750","0969150",1
"751","0971530",6
"752","0973000",23
"753","0973700",2
"754","0973980",13
"755","0974303",3
"756","0975116",1
"757","0975200",1
"758","0976500",4
"759","0977278",1
"760","0978880",2
"761","0980000",8
"762","0980210",1
"763","0980770",9
"764","0982660",45
"765","0982800",3
"766","0983045",1
"767","0983360",1
"768","0983586",16
"769","0984970",4
"770","0985810",12
"771","0986380",1
"772","0987140",5
"773","0987350",1
"774","0987980",2
"775","1001660",1
"776","1005690",1
"777","1010760",2
"778","1015310",1
"779","1021200",10
"780","1029090",2
"781","1035850",2
"782","1041310",1
"783","1041830",13
"784","1047030",4
"785","1047420",1
"786","1048330",1
"787","1050670",18
"788","1050800",1
"789","1056490",1
"790","1060290",3
"791","1063800",1
"792","1064320",1
"793","1067310",1
"794","1077580",36
"795","1150000",492
"796","1200375",1
"797","1200950",2
"798","1201700",3
"799","1203975",2
"800","1206125",1
"801","1207300",18
"802","1207375",1
"803","1207525",1
"804","1207775",1
"805","1207875",4
"806","1207950",11
"807","1208150",3
"808","1209550",1
"809","1210250",4
"810","1210275",6
"811","1211285",1
"812","1212875",7
"813","1212925",3
"814","1213150",3
"815","1213175",2
"816","1213275",3
"817","1214125",2
"818","1214250",1
"819","1214400",5
"820","1215300",2
"821","1215575",1
"822","1215775",1
"823","1216125",3
"824","1216450",1
"825","1216475",5
"826","1216525",19
"827","1216675",1
"828","1216725",3
"829","1216875",4
"830","1217100",8
"831","1217200",1
"832","1217935",9
"833","1218575",2
"834","1218675",1
"835","1220375",1
"836","1220825",2
"837","1221150",1
"838","1221350",1
"839","1221425",1
"840","1222175",5
"841","1222387",1
"842","1222550",3
"843","1222660",2
"844","1224000",39
"845","1224125",29
"846","1224300",4
"847","1224475",4
"848","1224900",1
"849","1224925",3
"850","1225175",55
"851","1225900",1
"852","1226700",1
"853","1227400",1
"854","1228000",3
"855","1228175",3
"856","1228400",1
"857","1230000",3
"858","1232000",12
"859","1232275",13
"860","1232375",1
"861","1232825",1
"862","1233375",1
"863","1233700",1
"864","1233950",6
"865","1235000",70
"866","1235050",1
"867","1235550",2
"868","1235875",3
"869","1236300",2
"870","1236375",3
"871","1236550",14
"872","1236950",10
"873","1237775",1
"874","1238250",15
"875","1238625",1
"876","1238950",1
"877","1239067",2
"878","1239081",4
"879","1239200",6
"880","1239425",1
"881","1239550",1
"882","1239825",2
"883","1239875",2
"884","1241250",2
"885","1241825",2
"886","1242400",1
"887","1242575",1
"888","1243000",4
"889","1243083",1
"890","1243975",20
"891","1245000",96
"892","1245025",6
"893","1245060",2
"894","1245100",2
"895","1245225",1
"896","1245900",1
"897","1245975",6
"898","1246550",2
"899","1247050",2
"900","1247625",31
"901","1248050",1
"902","1248200",2
"903","1248500",6
"904","1248625",9
"905","1248875",1
"906","1249350",1
"907","1249406",28
"908","1249425",2
"909","1249450",1
"910","1249475",2
"911","1249600",1
"912","1249675",1
"913","1250750",13
"914","1251350",1
"915","1252125",2
"916","1253000",72
"917","1253150",3
"918","1253575",3
"919","1253875",1
"920","1254000",2
"921","1254025",19
"922","1254075",3
"923","1254175",2
"924","1254200",7
"925","1254250",1
"926","1254275",2
"927","1254350",4
"928","1254525",2
"929","1254700",14
"930","1254725",1
"931","1255125",12
"932","1255775",6
"933","1255925",32
"934","1256425",1
"935","1256825",1
"936","1256975",1
"937","1257425",4
"938","1257550",1
"939","1257900",1
"940","1258050",4
"941","1258420",1
"942","1258575",4
"943","1258600",1
"944","1258715",4
"945","1259200",8
"946","1259400",1
"947","1261500",2
"948","1262425",1
"949","1262500",17
"950","1262625",2
"951","1263000",41
"952","1263650",4
"953","1264175",47
"954","1264400",2
"955","1264825",3
"956","1264875",4
"957","1264975",2
"958","1266000",1
"959","1268100",1
"960","1268135",1
"961","1268350",7
"962","1268875",11
"963","1269250",2
"964","1269700",5
"965","1270600",81
"966","1270675",1
"967","1271000",75
"968","1271150",4
"969","1271225",7
"970","1271400",1
"971","1271564",3
"972","1271625",6
"973","1271900",2
"974","1273700",1
"975","1273900",3
"976","1274125",1
"977","1274150",6
"978","1274368",5
"979","1275625",1
"980","1275812",3
"981","1275875",2
"982","1276582",4
"983","1276600",44
"984","1278250",2
"985","1278275",1
"986","1278300",6
"987","1279175",1
"988","1300408",1
"989","1301052",2
"990","1301696",11
"991","1303440",35
"992","1304000",147
"993","1304204",14
"994","1304644",1
"995","1304896",1
"996","1307612",1
"997","1308844",2
"998","1308928",1
"999","1310944",2
"1000","1311560",11
"1001","1312400",2
"1002","1312988",3
"1003","1313492",3
"1004","1313688",3
"1005","1314024",1
"1006","1315172",3
"1007","1316460",1
"1008","1316544",2
"1009","1317776",1
"1010","1319000",7
"1011","1319336",1
"1012","1320064",2
"1013","1320932",5
"1014","1321240",4
"1015","1321324",4
"1016","1321380",2
"1017","1321940",1
"1018","1322052",15
"1019","1323900",2
"1020","1324600",2
"1021","1324768",4
"1022","1328044",2
"1023","1328968",4
"1024","1330424",1
"1025","1330536",2
"1026","1331096",1
"1027","1331908",9
"1028","1334596",1
"1029","1334876",1
"1030","1336696",1
"1031","1339076",1
"1032","1339524",1
"1033","1340056",2
"1034","1342425",3
"1035","1342604",1
"1036","1343192",7
"1037","1343640",2
"1038","1344312",1
"1039","1344340",2
"1040","1345488",9
"1041","1345768",1
"1042","1346188",1
"1043","1346356",2
"1044","1346552",1
"1045","1346860",1
"1046","1347140",1
"1047","1347980",2
"1048","1348288",2
"1049","1348624",2
"1050","1349008",10
"1051","1349196",5
"1052","1349756",13
"1053","1351670",4
"1054","1352192",2
"1055","1355020",7
"1056","1355776",4
"1057","1357260",1
"1058","1357428",1
"1059","1359724",1
"1060","1362524",1
"1061","1365044",1
"1062","1366276",1
"1063","1366668",1
"1064","1367284",4
"1065","1367452",1
"1066","1367984",1
"1067","1368516",1
"1068","1369000",22
"1069","1371492",4
"1070","1371604",1
"1071","1372780",2
"1072","1373256",12
"1073","1373816",1
"1074","1374180",1
"1075","1374936",4
"1076","1376224",6
"1077","1376280",1
"1078","1377652",1
"1079","1378044",1
"1080","1378800",10
"1081","1380508",1
"1082","1380788",2
"1083","1380956",2
"1084","1383420",3
"1085","1384176",3
"1086","1385128",1
"1087","1500550",1
"1088","1507450",1
"1089","1510750",1
"1090","1511350",3
"1091","1512530",1
"1092","1514650",16
"1093","1516450",2
"1094","1522700",14
"1095","1523000",13
"1096","1523150",6
"1097","1528250",2
"1098","1528850",2
"1099","1530300",1
"1100","1531100",2
"1101","1532900",1
"1102","1536500",1
"1103","1536650",3
"1104","1541600",4
"1105","1542950",2
"1106","1543700",1
"1107","1545200",9
"1108","1551050",1
"1109","1553600",4
"1110","1565150",1
"1111","1571550",46
"1112","1577450",3
"1113","1578500",10
"1114","1579250",1
"1115","1579700",1
"1116","1608830",61
"1117","1616750",10
"1118","1622690",3
"1119","1623410",1
"1120","1629620",2
"1121","1634390",3
"1122","1636370",2
"1123","1639610",1
"1124","1639700",21
"1125","1641320",1
"1126","1642580",1
"1127","1643030",7
"1128","1644290",1
"1129","1646540",5
"1130","1648790",3
"1131","1652120",3
"1132","1654550",13
"1133","1654730",2
"1134","1656260",1
"1135","1661300",1
"1136","1664090",16
"1137","1667420",5
"1138","1672100",12
"1139","1676780",2
"1140","1682810",8
"1141","1684250",1
"1142","1687670",1
"1143","1701114",2
"1144","1702154",10
"1145","1703012",13
"1146","1703844",5
"1147","1704013",1
"1148","1704845",5
"1149","1705092",2
"1150","1705261",1
"1151","1705573",2
"1152","1706613",14
"1153","1706704",1
"1154","1707133",2
"1155","1707744",1
"1156","1708186",1
"1157","1708420",1
"1158","1708576",1
"1159","1709447",5
"1160","1709642",1
"1161","1710240",1
"1162","1710906",1
"1163","1711163",20
"1164","1711332",2
"1165","1711514",2
"1166","1711618",1
"1167","1712385",18
"1168","1712567",7
"1169","1714000",269
"1170","1714351",1
"1171","1715170",1
"1172","1715599",3
"1173","1717549",1
"1174","1717887",9
"1175","1718563",4
"1176","1718628",1
"1177","1718823",8
"1178","1719161",9
"1179","1719642",2
"1180","1720162",2
"1181","1720591",11
"1182","1721280",1
"1183","1722164",1
"1184","1722255",3
"1185","1722697",3
"1186","1722736",2
"1187","1723074",15
"1188","1723620",7
"1189","1723945",2
"1190","1724582",22
"1191","1724634",1
"1192","1725141",1
"1193","1726571",1
"1194","1727624",7
"1195","1727884",2
"1196","1728300",2
"1197","1728326",6
"1198","1728846",1
"1199","1728872",6
"1200","1728898",1
"1201","1729483",1
"1202","1729756",8
"1203","1729938",7
"1204","1730926",1
"1205","1731121",4
"1206","1732018",2
"1207","1734670",1
"1208","1734722",4
"1209","1735086",1
"1210","1735307",2
"1211","1735411",3
"1212","1736750",2
"1213","1738115",1
"1214","1738570",6
"1215","1738934",4
"1216","1739883",1
"1217","1740767",2
"1218","1740910",1
"1219","1741105",3
"1220","1743250",3
"1221","1743666",4
"1222","1743939",1
"1223","1744225",2
"1224","1744407",3
"1225","1745694",2
"1226","1745889",7
"1227","1746136",1
"1228","1747163",1
"1229","1747397",2
"1230","1747553",2
"1231","1749854",1
"1232","1749867",2
"1233","1750010",1
"1234","1750491",1
"1235","1750621",2
"1236","1750998",1
"1237","1751089",9
"1238","1751349",1
"1239","1751453",2
"1240","1751622",21
"1241","1752584",2
"1242","1753000",1
"1243","1753234",11
"1244","1753442",1
"1245","1753481",2
"1246","1753559",1
"1247","1753663",1
"1248","1753871",1
"1249","1754534",1
"1250","1754638",1
"1251","1754820",2
"1252","1754885",13
"1253","1755249",5
"1254","1756640",2
"1255","1756887",4
"1256","1756926",4
"1257","1757225",4
"1258","1757381",1
"1259","1757875",2
"1260","1758239",1
"1261","1758447",1
"1262","1759000",25
"1263","1759988",2
"1264","1760287",3
"1265","1761015",1
"1266","1761145",1
"1267","1762367",3
"1268","1763706",1
"1269","1764616",1
"1270","1764746",1
"1271","1764759",1
"1272","1765000",21
"1273","1765078",7
"1274","1765156",1
"1275","1765338",1
"1276","1765611",1
"1277","1765806",1
"1278","1766027",2
"1279","1766703",7
"1280","1766950",1
"1281","1768003",3
"1282","1770122",5
"1283","1770460",1
"1284","1770720",2
"1285","1772000",34
"1286","1773157",1
"1287","1773170",1
"1288","1774223",1
"1289","1775991",1
"1290","1776615",2
"1291","1777005",14
"1292","1777694",2
"1293","1778929",1
"1294","1779033",1
"1295","1779293",8
"1296","1780060",2
"1297","1780125",1
"1298","1780242",3
"1299","1780333",1
"1300","1781048",5
"1301","1781087",1
"1302","1782075",5
"1303","1782530",4
"1304","1783349",10
"1305","1784220",1
"1306","1800910",1
"1307","1801468",3
"1308","1801666",3
"1309","1801954",1
"1310","1803664",1
"1311","1804114",1
"1312","1805860",42
"1313","1807174",2
"1314","1808416",1
"1315","1810342",7
"1316","1811836",1
"1317","1812412",3
"1318","1814734",8
"1319","1815256",1
"1320","1815490",1
"1321","1815742",1
"1322","1816138",2
"1323","1816300",1
"1324","1816804",1
"1325","1817776",1
"1326","1819270",1
"1327","1819486",3
"1328","1820728",7
"1329","1822000",26
"1330","1823278",5
"1331","1825000",32
"1332","1825324",2
"1333","1825450",2
"1334","1827000",6
"1335","1827054",1
"1336","1827324",1
"1337","1828386",12
"1338","1828800",1
"1339","1829358",3
"1340","1829718",1
"1341","1829898",3
"1342","1831000",7
"1343","1831216",1
"1344","1833466",2
"1345","1834114",2
"1346","1835302",1
"1347","1836003",92
"1348","1837782",3
"1349","1838358",6
"1350","1840392",3
"1351","1840518",1
"1352","1840788",9
"1353","1842228",1
"1354","1842246",3
"1355","1842462",3
"1356","1844658",2
"1357","1845144",2
"1358","1845990",2
"1359","1846908",1
"1360","1848798",3
"1361","1849932",7
"1362","1849950",1
"1363","1850958",1
"1364","1850976",1
"1365","1851732",2
"1366","1851876",12
"1367","1852020",1
"1368","1852038",2
"1369","1852326",3
"1370","1852650",1
"1371","1852740",1
"1372","1852992",1
"1373","1853874",1
"1374","1854180",3
"1375","1854954",2
"1376","1855386",2
"1377","1856286",2
"1378","1857780",1
"1379","1860822",1
"1380","1861092",2
"1381","1864260",6
"1382","1865214",1
"1383","1866852",3
"1384","1867050",1
"1385","1868526",1
"1386","1871000",31
"1387","1874006",1
"1388","1875428",21
"1389","1878326",12
"1390","1879208",2
"1391","1879370",1
"1392","1879694",1
"1393","1880306",1
"1394","1882700",1
"1395","1882862",14
"1396","1883420",1
"1397","1884734",1
"1398","1886084",1
"1399","1886372",4
"1400","1900730",1
"1401","1901180",1
"1402","1901855",18
"1403","1902305",3
"1404","1906355",7
"1405","1907480",3
"1406","1909550",3
"1407","1911755",15
"1408","1912000",31
"1409","1912765",2
"1410","1913575",2
"1411","1914430",3
"1412","1916860",5
"1413","1917220",1
"1414","1917265",1
"1415","1919000",22
"1416","1919180",1
"1417","1919405",11
"1418","1921000",80
"1419","1922395",20
"1420","1923160",1
"1421","1923475",1
"1422","1924600",1
"1423","1926445",7
"1424","1926985",1
"1425","1928515",4
"1426","1928605",2
"1427","1930225",1
"1428","1930630",1
"1429","1933105",3
"1430","1937920",1
"1431","1938100",1
"1432","1938280",8
"1433","1938595",44
"1434","1938640",1
"1435","1939765",2
"1436","1940845",1
"1437","1942960",3
"1438","1948810",1
"1439","1949485",1
"1440","1949755",1
"1441","1950160",3
"1442","1953355",1
"1443","1954705",1
"1444","1954840",1
"1445","1955110",3
"1446","1955695",2
"1447","1956505",2
"1448","1956595",2
"1449","1957675",1
"1450","1958620",1
"1451","1958710",1
"1452","1959925",2
"1453","1960105",1
"1454","1962130",1
"1455","1962850",2
"1456","1966135",4
"1457","1973335",10
"1458","1975630",4
"1459","1978285",1
"1460","1979950",1
"1461","1981210",2
"1462","1982425",13
"1463","1982695",3
"1464","1982875",1
"1465","1983145",1
"1466","1983910",3
"1467","2003300",1
"1468","2009200",1
"1469","2010125",1
"1470","2012500",1
"1471","2018250",3
"1472","2020075",1
"1473","2021275",3
"1474","2024000",1
"1475","2025325",1
"1476","2026725",1
"1477","2031100",1
"1478","2031600",1
"1479","2033625",1
"1480","2035750",1
"1481","2036000",7
"1482","2038900",30
"1483","2039000",2
"1484","2039075",3
"1485","2039350",1
"1486","2043150",1
"1487","2044200",1
"1488","2044250",10
"1489","2049100",1
"1490","2050475",2
"1491","2052575",7
"1492","2053775",18
"1493","2056025",8
"1494","2057575",2
"1495","2061400",1
"1496","2062700",6
"1497","2064500",2
"1498","2065600",2
"1499","2070075",2
"1500","2071000",40
"1501","2075325",1
"1502","2079000",42
"1503","2079950",1
"1504","2100802",1
"1505","2102368",2
"1506","2103628",1
"1507","2105824",2
"1508","2105842",2
"1509","2108902",19
"1510","2110648",1
"1511","2112016",1
"1512","2113636",1
"1513","2117848",7
"1514","2118496",2
"1515","2119882",7
"1516","2123932",1
"1517","2124274",5
"1518","2127982",1
"1519","2128486",1
"1520","2128594",2
"1521","2128612",2
"1522","2128900",23
"1523","2128918",1
"1524","2130700",3
"1525","2131114",2
"1526","2131960",2
"1527","2134966",1
"1528","2135362",1
"1529","2135542",1
"1530","2135866",1
"1531","2137396",1
"1532","2137918",6
"1533","2139952",1
"1534","2140222",1
"1535","2143480",3
"1536","2144146",2
"1537","2144344",1
"1538","2146027",51
"1539","2147476",2
"1540","2147854",1
"1541","2148000",86
"1542","2149368",4
"1543","2150898",1
"1544","2153418",8
"1545","2154084",1
"1546","2154228",1
"1547","2154642",4
"1548","2155884",1
"1549","2156136",2
"1550","2158620",6
"1551","2158710",1
"1552","2158836",5
"1553","2159196",2
"1554","2160852",8
"1555","2162940",2
"1556","2163264",2
"1557","2165226",3
"1558","2167458",1
"1559","2170050",2
"1560","2171688",2
"1561","2178384",1
"1562","2179482",2
"1563","2181930",1
"1564","2200240",1
"1565","2200975",2
"1566","2204685",1
"1567","2205000",27
"1568","2206120",1
"1569","2208920",1
"1570","2215465",1
"1571","2218125",9
"1572","2218790",1
"1573","2220435",1
"1574","2220820",1
"1575","2222815",1
"1576","2232930",3
"1577","2233245",1
"1578","2233875",1
"1579","2236255",1
"1580","2238285",2
"1581","2239475",2
"1582","2240735",17
"1583","2241155",6
"1584","2248225",3
"1585","2248610",1
"1586","2250115",9
"1587","2251410",6
"1588","2253370",1
"1589","2255000",81
"1590","2257450",1
"1591","2258045",1
"1592","2260495",1
"1593","2260530",1
"1594","2262385",1
"1595","2264310",1
"1596","2266655",3
"1597","2267215",1
"1598","2270000",12
"1599","2270805",1
"1600","2275425",1
"1601","2278470",1
"1602","2282460",1
"1603","2302060",11
"1604","2302100",30
"1605","2302795",34
"1606","2302830",21
"1607","2303355",3
"1608","2303950",5
"1609","2304790",1
"1610","2304860",9
"1611","2305665",2
"1612","2306925",3
"1613","2308395",18
"1614","2309690",5
"1615","2310320",1
"1616","2310565",2
"1617","2315500",1
"1618","2316200",4
"1619","2321065",1
"1620","2321730",5
"1621","2323200",4
"1622","2324740",7
"1623","2326490",1
"1624","2326875",3
"1625","2333945",3
"1626","2336500",3
"1627","2337235",6
"1628","2338740",17
"1629","2340000",1
"1630","2341575",5
"1631","2341925",7
"1632","2348610",3
"1633","2351095",2
"1634","2353965",1
"1635","2354490",1
"1636","2354525",1
"1637","2355120",1
"1638","2355575",4
"1639","2360545",91
"1640","2360825",3
"1641","2363590",12
"1642","2364675",3
"1643","2365725",3
"1644","2368875",2
"1645","2371780",2
"1646","2371990",5
"1647","2372830",1
"1648","2373635",1
"1649","2376330",2
"1650","2376925",1
"1651","2378220",4
"1652","2379515",2
"1653","2380740",16
"1654","2386620",9
"1655","2387810",3
"1656","2400125",1
"1657","2400225",1
"1658","2401600",49
"1659","2402275",1
"1660","2402762",2
"1661","2404000",261
"1662","2405550",7
"1663","2405825",1
"1664","2406400",2
"1665","2406800",2
"1666","2407125",9
"1667","2407625",1
"1668","2408625",1
"1669","2408775",3
"1670","2410900",1
"1671","2411750",1
"1672","2412150",3
"1673","2412400",1
"1674","2414125",6
"1675","2414950",3
"1676","2415950",1
"1677","2416225",4
"1678","2416787",3
"1679","2418250",1
"1680","2418750",3
"1681","2419125",23
"1682","2421075",1
"1683","2421325",6
"1684","2421475",3
"1685","2422775",1
"1686","2423975",1
"1687","2424475",3
"1688","2425050",3
"1689","2425150",1
"1690","2425575",2
"1691","2425750",4
"1692","2425800",4
"1693","2426000",8
"1694","2426200",1
"1695","2426600",1
"1696","2427375",1
"1697","2427700",1
"1698","2429525",1
"1699","2430325",21
"1700","2430900",1
"1701","2431025",1
"1702","2431175",10
"1703","2432025",4
"1704","2432650",5
"1705","2434775",2
"1706","2436075",6
"1707","2436500",1
"1708","2440700",1
"1709","2441025",1
"1710","2441250",2
"1711","2442325",1
"1712","2442875",1
"1713","2443500",1
"1714","2445325",2
"1715","2445750",1
"1716","2445900",5
"1717","2446075",3
"1718","2446475",2
"1719","2446725",2
"1720","2451800",1
"1721","2452562",1
"1722","2454875",1
"1723","2456450",2
"1724","2458225",10
"1725","2458900",6
"1726","2459375",3
"1727","2459425",1
"1728","2459500",2
"1729","2461400",4
"1730","2462675",1
"1731","2462850",2
"1732","2463300",6
"1733","2465600",1
"1734","2466635",1
"1735","2467675",12
"1736","2468700",1
"1737","2469675",1
"1738","2469925",9
"1739","2470475",1
"1740","2470775",1
"1741","2471200",2
"1742","2471600",1
"1743","2472450",22
"1744","2473075",1
"1745","2475025",1
"1746","2476650",2
"1747","2477262",1
"1748","2478050",3
"1749","2478425",12
"1750","2479675",2
"1751","2479900",4
"1752","2481175",2
"1753","2481275",1
"1754","2483100",6
"1755","2483225",1
"1756","2485100",1
"1757","2500135",1
"1758","2500840",2
"1759","2501260",2
"1760","2501370",17
"1761","2501430",12
"1762","2501640",6
"1763","2502690",2
"1764","2503040",4
"1765","2503690",23
"1766","2503705",1
"1767","2504790",7
"1768","2504965",1
"1769","2505105",3
"1770","2505595",11
"1771","2507000",195
"1772","2507140",1
"1773","2507385",1
"1774","2507945",3
"1775","2508130",4
"1776","2509000",4
"1777","2509210",9
"1778","2509875",4
"1779","2510015",2
"1780","2511000",38
"1781","2512960",2
"1782","2513205",1
"1783","2513660",4
"1784","2514570",1
"1785","2516285",2
"1786","2516530",2
"1787","2516635",1
"1788","2516740",2
"1789","2516840",2
"1790","2517860",2
"1791","2518875",1
"1792","2519370",6
"1793","2521115",4
"1794","2521990",1
"1795","2523000",9
"1796","2523070",13
"1797","2523840",1
"1798","2523875",2
"1799","2524855",2
"1800","2524960",10
"1801","2525172",3
"1802","2525485",1
"1803","2526150",4
"1804","2526500",9
"1805","2526780",11
"1806","2527060",26
"1807","2527445",1
"1808","2529090",4
"1809","2529405",12
"1810","2530175",2
"1811","2530630",1
"1812","2530840",4
"1813","2530980",3
"1814","2531050",1
"1815","2531295",1
"1816","2531575",3
"1817","2532275",3
"1818","2534550",6
"1819","2534620",1
"1820","2535075",2
"1821","2535250",12
"1822","2536020",2
"1823","2536335",1
"1824","2537000",9
"1825","2537385",1
"1826","2537490",5
"1827","2537875",2
"1828","2538230",1
"1829","2538715",6
"1830","2538960",3
"1831","2539660",8
"1832","2539730",1
"1833","2539835",2
"1834","2540710",1
"1835","2540885",1
"1836","2541200",6
"1837","2541410",1
"1838","2541532",1
"1839","2541725",3
"1840","2543755",9
"1841","2544140",4
"1842","2545000",9
"1843","2545245",9
"1844","2545560",13
"1845","2546225",3
"1846","2546330",39
"1847","2546598",2
"1848","2546785",4
"1849","2547590",6
"1850","2547800",1
"1851","2548220",1
"1852","2548710",1
"1853","2550005",1
"1854","2550285",1
"1855","2550425",4
"1856","2551230",2
"1857","2551405",6
"1858","2552144",1
"1859","2552490",2
"1860","2553085",2
"1861","2553680",2
"1862","2553960",28
"1863","2554275",5
"1864","2555535",12
"1865","2555745",2
"1866","2556165",7
"1867","2557845",2
"1868","2559105",7
"1869","2559700",4
"1870","2560295",1
"1871","2560820",2
"1872","2561205",8
"1873","2562300",9
"1874","2562465",2
"1875","2562535",5
"1876","2563345",1
"1877","2563620",1
"1878","2563655",2
"1879","2564460",1
"1880","2566070",2
"1881","2567000",29
"1882","2568680",1
"1883","2569170",3
"1884","2570115",2
"1885","2570815",1
"1886","2571970",25
"1887","2572460",3
"1888","2572600",10
"1889","2573440",2
"1890","2574210",25
"1891","2575050",5
"1892","2575680",11
"1893","2576030",3
"1894","2577890",1
"1895","2578972",3
"1896","2579495",2
"1897","2579705",2
"1898","2579950",7
"1899","2581245",1
"1900","2582000",38
"1901","2582595",1
"1902","2600440",14
"1903","2600980",1
"1904","2601260",2
"1905","2601340",3
"1906","2601380",2
"1907","2601540",3
"1908","2601740",4
"1909","2603000",72
"1910","2603520",1
"1911","2604080",2
"1912","2604105",4
"1913","2604160",1
"1914","2604940",1
"1915","2605880",1
"1916","2605920",11
"1917","2606020",7
"1918","2606820",1
"1919","2607020",1
"1920","2607660",1
"1921","2608300",4
"1922","2608640",4
"1923","2609180",2
"1924","2609560",1
"1925","2609820",1
"1926","2610620",10
"1927","2612320",2
"1928","2612480",1
"1929","2613220",1
"1930","2613420",2
"1931","2613900",1
"1932","2614260",1
"1933","2614780",1
"1934","2615000",3
"1935","2615020",1
"1936","2615920",1
"1937","2616480",1
"1938","2616620",1
"1939","2618020",1
"1940","2618100",1
"1941","2619140",1
"1942","2619880",1
"1943","2621000",12
"1944","2621020",3
"1945","2621560",1
"1946","2622000",110
"1947","2622120",1
"1948","2622160",1
"1949","2622740",6
"1950","2623980",1
"1951","2624120",18
"1952","2624290",2
"1953","2624420",1
"1954","2624740",1
"1955","2625320",1
"1956","2627380",5
"1957","2627440",4
"1958","2627500",1
"1959","2627760",2
"1960","2627880",6
"1961","2628000",1
"1962","2628360",2
"1963","2629000",19
"1964","2629200",2
"1965","2629580",1
"1966","2630340",1
"1967","2630420",3
"1968","2630540",1
"1969","2631720",1
"1970","2632020",2
"1971","2632980",1
"1972","2633280",3
"1973","2633340",3
"1974","2634000",67
"1975","2634160",2
"1976","2634640",1
"1977","2635100",2
"1978","2635480",6
"1979","2636280",4
"1980","2636300",3
"1981","2636560",1
"1982","2636860",1
"1983","2636920",1
"1984","2637020",2
"1985","2637820",1
"1986","2638180",1
"1987","2638640",20
"1988","2638700",1
"1989","2639360",10
"1990","2639540",4
"1991","2639800",1
"1992","2640000",1
"1993","2640860",2
"1994","2640960",2
"1995","2641220",2
"1996","2641420",7
"1997","2641680",2
"1998","2642160",47
"1999","2642260",1
"2000","2642460",1
"2001","2642820",2
"2002","2643300",1
"2003","2643380",1
"2004","2644760",1
"2005","2644940",2
"2006","2646000",50
"2007","2646040",3
"2008","2647240",1
"2009","2647800",5
"2010","2649000",6
"2011","2649540",2
"2012","2649640",5
"2013","2650320",1
"2014","2650720",6
"2015","2651540",1
"2016","2651600",1
"2017","2651900",21
"2018","2651940",3
"2019","2652080",1
"2020","2652380",1
"2021","2653180",1
"2022","2653780",11
"2023","2653920",1
"2024","2653960",1
"2025","2655020",8
"2026","2655100",1
"2027","2655820",3
"2028","2655960",1
"2029","2656020",8
"2030","2656200",3
"2031","2656320",6
"2032","2656360",1
"2033","2657080",1
"2034","2657100",2
"2035","2657380",2
"2036","2657760",2
"2037","2658640",1
"2038","2658980",1
"2039","2659140",1
"2040","2659440",4
"2041","2659920",1
"2042","2660340",2
"2043","2661020",3
"2044","2661220",1
"2045","2661600",1
"2046","2661940",1
"2047","2662020",1
"2048","2663300",1
"2049","2663540",3
"2050","2663800",1
"2051","2663820",5
"2052","2664140",1
"2053","2664740",1
"2054","2665060",2
"2055","2665440",4
"2056","2665560",1
"2057","2665820",8
"2058","2665860",1
"2059","2668760",1
"2060","2668880",4
"2061","2669020",8
"2062","2669035",4
"2063","2669080",1
"2064","2669180",1
"2065","2669400",2
"2066","2669420",2
"2067","2669800",1
"2068","2670040",5
"2069","2670520",6
"2070","2670760",2
"2071","2670900",1
"2072","2670940",1
"2073","2670960",9
"2074","2671140",5
"2075","2671560",1
"2076","2671700",2
"2077","2671740",8
"2078","2672840",2
"2079","2674900",5
"2080","2674960",7
"2081","2674980",1
"2082","2675100",3
"2083","2675280",1
"2084","2675420",1
"2085","2675820",4
"2086","2676460",3
"2087","2676500",1
"2088","2677700",2
"2089","2679000",4
"2090","2679120",3
"2091","2680340",32
"2092","2680420",2
"2093","2680700",14
"2094","2681540",1
"2095","2682300",1
"2096","2682450",7
"2097","2682780",1
"2098","2684000",10
"2099","2686000",4
"2100","2687060",3
"2101","2688140",1
"2102","2688260",3
"2103","2688380",1
"2104","2688900",1
"2105","2688940",4
"2106","2689000",1
"2107","2689140",14
"2108","2700460",2
"2109","2700694",3
"2110","2700928",4
"2111","2701324",1
"2112","2701486",1
"2113","2701720",2
"2114","2702026",1
"2115","2702422",1
"2116","2702908",1
"2117","2703628",1
"2118","2704024",4
"2119","2704834",1
"2120","2705068",14
"2121","2706382",2
"2122","2706616",1
"2123","2707300",6
"2124","2707966",1
"2125","2708794",4
"2126","2709370",2
"2127","2709730",1
"2128","2710018",1
"2129","2710576",1
"2130","2710846",2
"2131","2710972",2
"2132","2711008",1
"2133","2711494",1
"2134","2711548",1
"2135","2711746",1
"2136","2712160",1
"2137","2712700",1
"2138","2713114",1
"2139","2713456",1
"2140","2715832",5
"2141","2717000",37
"2142","2718116",7
"2143","2718188",3
"2144","2718458",1
"2145","2718674",7
"2146","2719142",3
"2147","2720078",1
"2148","2720546",3
"2149","2720906",2
"2150","2721770",1
"2151","2724074",1
"2152","2724992",14
"2153","2725118",8
"2154","2731040",1
"2155","2731076",1
"2156","2732444",1
"2157","2732966",3
"2158","2735180",3
"2159","2735450",1
"2160","2737304",2
"2161","2737448",1
"2162","2738006",1
"2163","2738060",1
"2164","2738114",1
"2165","2739428",1
"2166","2739878",14
"2167","2740166",3
"2168","2740688",3
"2169","2741696",1
"2170","2743000",143
"2171","2743252",6
"2172","2743864",4
"2173","2743954",1
"2174","2744242",9
"2175","2745430",1
"2176","2745628",1
"2177","2745682",1
"2178","2745808",1
"2179","2746042",1
"2180","2746798",3
"2181","2746924",9
"2182","2747680",1
"2183","2748256",1
"2184","2748580",1
"2185","2749012",2
"2186","2749138",1
"2187","2749768",1
"2188","2751388",1
"2189","2751424",1
"2190","2752594",1
"2191","2752630",1
"2192","2753620",2
"2193","2754214",2
"2194","2754880",30
"2195","2755186",2
"2196","2755852",1
"2197","2756896",10
"2198","2757094",1
"2199","2757130",2
"2200","2757220",3
"2201","2757346",1
"2202","2758000",158
"2203","2758018",1
"2204","2758036",7
"2205","2758612",2
"2206","2758738",2
"2207","2759350",4
"2208","2759998",1
"2209","2760250",1
"2210","2761492",2
"2211","2761996",1
"2212","2762500",1
"2213","2762806",1
"2214","2762824",1
"2215","2764318",1
"2216","2764570",3
"2217","2765920",1
"2218","2765956",1
"2219","2767288",6
"2220","2767378",1
"2221","2767504",1
"2222","2768818",2
"2223","2769700",1
"2224","2769970",1
"2225","2770420",10
"2226","2771032",9
"2227","2771428",3
"2228","2771734",1
"2229","2771788",1
"2230","2800100",1
"2231","2801260",1
"2232","2803980",2
"2233","2805140",1
"2234","2806220",5
"2235","2820500",1
"2236","2825100",1
"2237","2829700",8
"2238","2831020",11
"2239","2831780",2
"2240","2836000",32
"2241","2837600",1
"2242","2841680",4
"2243","2843280",1
"2244","2846640",1
"2245","2853520",2
"2246","2854840",12
"2247","2855360",1
"2248","2855400",1
"2249","2856800",1
"2250","2856960",1
"2251","2862520",1
"2252","2870240",4
"2253","2874840",5
"2254","2875520",1
"2255","2880160",1
"2256","2901972",1
"2257","2903160",5
"2258","2904384",2
"2259","2906652",2
"2260","2907318",1
"2261","2907966",1
"2262","2908398",1
"2263","2910810",1
"2264","2911242",8
"2265","2913600",3
"2266","2914572",2
"2267","2915670",37
"2268","2917272",1
"2269","2917632",1
"2270","2918658",1
"2271","2919270",1
"2272","2922834",1
"2273","2923752",2
"2274","2923986",1
"2275","2928090",2
"2276","2928324",1
"2277","2929494",1
"2278","2930214",1
"2279","2931960",1
"2280","2934354",2
"2281","2935000",3
"2282","2935648",1
"2283","2937000",18
"2284","2937592",14
"2285","2938000",77
"2286","2939026",2
"2287","2939044",1
"2288","2939656",1
"2289","2940043",1
"2290","2940682",1
"2291","2941348",4
"2292","2945668",1
"2293","2946640",1
"2294","2947648",1
"2295","2950438",1
"2296","2952616",2
"2297","2953102",1
"2298","2954074",2
"2299","2955766",2
"2300","2956756",1
"2301","2957494",1
"2302","2958178",1
"2303","2959096",1
"2304","2960788",2
"2305","2962156",1
"2306","2962894",1
"2307","2962912",4
"2308","2964082",5
"2309","2964550",8
"2310","2965000",101
"2311","2965126",1
"2312","2970000",37
"2313","2973816",1
"2314","2973942",2
"2315","2975220",1
"2316","2977092",4
"2317","2977416",1
"2318","2978928",7
"2319","2980098",1
"2320","3004900",1
"2321","3004975",2
"2322","3006325",1
"2323","3006550",22
"2324","3008950",35
"2325","3010375",2
"2326","3011397",11
"2327","3024850",1
"2328","3029875",1
"2329","3029950",1
"2330","3032800",18
"2331","3033775",2
"2332","3035050",3
"2333","3035600",30
"2334","3040075",17
"2335","3041950",1
"2336","3043450",1
"2337","3043975",9
"2338","3049525",2
"2339","3050200",52
"2340","3058750",2
"2341","3061525",1
"2342","3073825",1
"2343","3079825",4
"2344","3100905",3
"2345","3101990",1
"2346","3103950",3
"2347","3108605",2
"2348","3110110",1
"2349","3111195",1
"2350","3111370",1
"2351","3117670",2
"2352","3119595",11
"2353","3121415",7
"2354","3122640",1
"2355","3125055",8
"2356","3128000",62
"2357","3129470",2
"2358","3129925",3
"2359","3133705",1
"2360","3133775",1
"2361","3134615",2
"2362","3135000",2
"2363","3137000",59
"2364","3137105",1
"2365","3138295",2
"2366","3138960",1
"2367","3140605",1
"2368","3144245",3
"2369","3151840",8
"2370","3206500",2
"2371","3209700",10
"2372","3222500",1
"2373","3223900",1
"2374","3226300",2
"2375","3227900",1
"2376","3231900",9
"2377","3235100",1
"2378","3235300",5
"2379","3240000",117
"2380","3246000",4
"2381","3251800",5
"2382","3253600",1
"2383","3253800",2
"2384","3260600",69
"2385","3268400",6
"2386","3268550",2
"2387","3269200",2
"2388","3271400",1
"2389","3301220",2
"2390","3301940",1
"2391","3305380",1
"2392","3312900",3
"2393","3314200",36
"2394","3314340",1
"2395","3314580",7
"2396","3317860",1
"2397","3318820",8
"2398","3319620",3
"2399","3321780",2
"2400","3325300",3
"2401","3327060",2
"2402","3329780",3
"2403","3332980",1
"2404","3333780",12
"2405","3335460",1
"2406","3337220",2
"2407","3337860",1
"2408","3339300",20
"2409","3340180",1
"2410","3340340",4
"2411","3341300",4
"2412","3342500",3
"2413","3343140",1
"2414","3345140",20
"2415","3347060",2
"2416","3347940",2
"2417","3350260",9
"2418","3351300",1
"2419","3352020",1
"2420","3353860",5
"2421","3356420",1
"2422","3360500",12
"2423","3362580",3
"2424","3362900",20
"2425","3369940",1
"2426","3383700",1
"2427","3384340",1
"2428","3385140",14
"2429","3386340",1
"2430","3400700",2
"2431","3401960",11
"2432","3402080",10
"2433","3402200",1
"2434","3402920",1
"2435","3403250",1
"2436","3403340",1
"2437","3403580",2
"2438","3404420",15
"2439","3404600",2
"2440","3404990",1
"2441","3405170",1
"2442","3405740",1
"2443","3406040",1
"2444","3406490",10
"2445","3406610",2
"2446","3406670",1
"2447","3407000",4
"2448","3407600",1
"2449","3408110",2
"2450","3408260",2
"2451","3408620",1
"2452","3409040",1
"2453","3409250",3
"2454","3410000",10
"2455","3410270",3
"2456","3410750",2
"2457","3412100",2
"2458","3413570",1
"2459","3413690",1
"2460","3414260",3
"2461","3414380",2
"2462","3414590",1
"2463","3415638",1
"2464","3418070",3
"2465","3418151",1
"2466","3418490",1
"2467","3419510",7
"2468","3419840",1
"2469","3420020",1
"2470","3421000",13
"2471","3421450",1
"2472","3421480",6
"2473","3421570",1
"2474","3422470",2
"2475","3422860",3
"2476","3423640",2
"2477","3423700",6
"2478","3424180",1
"2479","3424930",1
"2480","3424990",1
"2481","3425350",1
"2482","3425770",1
"2483","3426070",1
"2484","3426340",2
"2485","3426550",1
"2486","3426610",8
"2487","3426640",6
"2488","3426902",4
"2489","3427360",1
"2490","3427390",1
"2491","3427840",1
"2492","3428650",3
"2493","3428680",8
"2494","3428770",1
"2495","3428800",2
"2496","3429070",1
"2497","3429460",1
"2498","3431110",2
"2499","3431470",14
"2500","3431620",2
"2501","3431880",1
"2502","3431920",1
"2503","3432250",8
"2504","3434890",4
"2505","3436000",194
"2506","3436120",1
"2507","3436480",1
"2508","3436510",6
"2509","3437560",1
"2510","3438040",2
"2511","3438580",3
"2512","3438610",2
"2513","3439570",2
"2514","3439600",1
"2515","3439885",1
"2516","3439910",1
"2517","3440020",6
"2518","3440290",2
"2519","3440320",2
"2520","3440350",4
"2521","3440530",1
"2522","3440770",3
"2523","3440990",7
"2524","3441400",1
"2525","3442510",2
"2526","3442930",1
"2527","3443050",1
"2528","3444100",10
"2529","3444520",2
"2530","3444820",10
"2531","3445510",1
"2532","3445690",4
"2533","3445900",1
"2534","3446260",1
"2535","3447190",2
"2536","3447610",1
"2537","3447895",2
"2538","3448210",1
"2539","3448300",27
"2540","3449440",1
"2541","3449920",3
"2542","3451000",47
"2543","3451210",16
"2544","3451810",1
"2545","3451930",15
"2546","3452620",4
"2547","3453790",2
"2548","3453850",2
"2549","3453910",1
"2550","3454315",1
"2551","3454360",6
"2552","3454450",2
"2553","3454870",1
"2554","3455770",1
"2555","3455950",4
"2556","3456430",2
"2557","3456550",2
"2558","3457000",7
"2559","3457300",1
"2560","3457600",2
"2561","3458200",2
"2562","3458770",1
"2563","3459190",3
"2564","3459640",3
"2565","3459880",1
"2566","3460120",4
"2567","3460900",21
"2568","3460960",3
"2569","3461530",1
"2570","3461560",2
"2571","3461680",4
"2572","3462430",11
"2573","3462910",1
"2574","3462940",1
"2575","3463000",6
"2576","3463150",1
"2577","3463180",1
"2578","3464050",2
"2579","3464590",6
"2580","3464620",1
"2581","3464650",1
"2582","3465249",2
"2583","3465280",4
"2584","3465790",1
"2585","3466570",1
"2586","3466750",2
"2587","3467320",2
"2588","3467470",2
"2589","3467860",1
"2590","3468370",4
"2591","3468430",3
"2592","3468460",6
"2593","3469390",1
"2594","3469420",3
"2595","3470018",2
"2596","3470110",1
"2597","3470980",2
"2598","3470984",2
"2599","3471370",1
"2600","3471430",7
"2601","3471850",1
"2602","3472420",2
"2603","3472580",1
"2604","3473110",9
"2605","3474000",20
"2606","3474270",1
"2607","3474478",1
"2608","3474630",4
"2609","3475020",17
"2610","3475140",1
"2611","3475590",8
"2612","3475745",1
"2613","3475750",1
"2614","3476040",1
"2615","3476070",3
"2616","3477270",3
"2617","3477600",1
"2618","3479040",17
"2619","3479100",8
"2620","3480270",2
"2621","3480630",3
"2622","3480750",1
"2623","3481170",1
"2624","3481380",1
"2625","3481950",1
"2626","3482120",3
"2627","3501780",6
"2628","3502000",78
"2629","3506970",1
"2630","3512150",2
"2631","3514250",1
"2632","3516420",3
"2633","3517050",2
"2634","3520270",2
"2635","3523497",1
"2636","3525380",1
"2637","3525800",7
"2638","3527340",3
"2639","3528460",3
"2640","3529160",1
"2641","3530490",1
"2642","3532520",1
"2643","3538890",1
"2644","3539380",33
"2645","3539940",3
"2646","3542320",3
"2647","3550090",1
"2648","3555900",1
"2649","3559260",5
"2650","3563460",4
"2651","3564930",9
"2652","3565210",1
"2653","3570500",51
"2654","3570700",1
"2655","3573260",9
"2656","3573540",6
"2657","3575640",2
"2658","3576200",14
"2659","3577670",1
"2660","3579840",8
"2661","3600155",1
"2662","3601000",70
"2663","3601011",2
"2664","3601198",1
"2665","3601594",1
"2666","3602044",1
"2667","3602506",4
"2668","3602649",4
"2669","3603078",6
"2670","3603320",1
"2671","3603353",1
"2672","3603408",1
"2673","3604143",3
"2674","3604198",1
"2675","3604253",1
"2676","3604388",3
"2677","3604715",10
"2678","3604759",1
"2679","3604935",2
"2680","3605100",14
"2681","3605188",1
"2682","3606387",1
"2683","3606607",19
"2684","3607157",1
"2685","3607245",1
"2686","3608026",7
"2687","3608070",1
"2688","3608103",1
"2689","3608136",2
"2690","3608257",1
"2691","3608466",1
"2692","3608532",4
"2693","3611000",72
"2694","3611748",1
"2695","3611825",2
"2696","3611902",1
"2697","3612144",4
"2698","3612331",11
"2699","3612353",1
"2700","3612419",1
"2701","3612518",3
"2702","3612683",1
"2703","3613002",3
"2704","3613233",2
"2705","3613376",1
"2706","3613420",2
"2707","3613585",1
"2708","3613805",2
"2709","3614003",3
"2710","3615000",1
"2711","3615242",2
"2712","3615400",1
"2713","3615561",1
"2714","3615814",2
"2715","3616322",1
"2716","3616375",1
"2717","3616419",4
"2718","3616573",1
"2719","3616628",14
"2720","3616749",1
"2721","3616936",2
"2722","3617530",1
"2723","3617882",1
"2724","3618047",2
"2725","3618256",10
"2726","3618388",3
"2727","3618817",1
"2728","3619092",2
"2729","3619213",3
"2730","3620126",9
"2731","3620313",2
"2732","3620467",1
"2733","3620687",1
"2734","3620698",5
"2735","3621105",6
"2736","3621589",3
"2737","3622183",5
"2738","3622502",3
"2739","3622612",1
"2740","3622832",1
"2741","3622865",1
"2742","3622964",181
"2743","3623052",2
"2744","3623701",1
"2745","3623822",6
"2746","3623965",1
"2747","3624141",1
"2748","3624229",5
"2749","3624295",1
"2750","3624515",4
"2751","3625076",2
"2752","3625384",3
"2753","3625527",1
"2754","3625839",3
"2755","3625857",1
"2756","3625923",1
"2757","3625967",1
"2758","3626264",4
"2759","3626319",1
"2760","3627188",1
"2761","3627309",1
"2762","3627419",7
"2763","3627452",1
"2764","3627485",2
"2765","3627529",1
"2766","3628178",4
"2767","3628618",6
"2768","3628640",10
"2769","3629113",1
"2770","3629245",1
"2771","3629333",29
"2772","3629338",3
"2773","3629443",1
"2774","3629476",2
"2775","3629542",4
"2776","3629894",1
"2777","3630169",3
"2778","3630576",2
"2779","3630609",1
"2780","3630675",1
"2781","3631643",1
"2782","3631709",3
"2783","3631896",1
"2784","3632017",1
"2785","3632402",3
"2786","3632710",4
"2787","3632732",4
"2788","3632776",5
"2789","3633139",4
"2790","3634044",1
"2791","3634286",2
"2792","3634374",1
"2793","3634484",1
"2794","3634495",1
"2795","3635254",1
"2796","3635364",2
"2797","3635573",1
"2798","3635969",8
"2799","3635980",2
"2800","3636233",13
"2801","3637044",8
"2802","3637275",2
"2803","3637737",3
"2804","3637803",4
"2805","3637847",1
"2806","3637869",4
"2807","3638022",1
"2808","3638077",33
"2809","3638264",5
"2810","3638539",1
"2811","3638781",3
"2812","3638946",2
"2813","3639089",1
"2814","3639232",1
"2815","3639397",1
"2816","3639463",1
"2817","3639562",4
"2818","3639727",24
"2819","3640189",1
"2820","3640508",1
"2821","3640689",2
"2822","3640761",2
"2823","3641135",2
"2824","3641223",3
"2825","3641333",2
"2826","3641399",1
"2827","3642081",1
"2828","3642147",1
"2829","3642224",1
"2830","3642279",1
"2831","3642554",1
"2832","3642741",1
"2833","3642884",3
"2834","3643082",1
"2835","3643192",1
"2836","3643335",6
"2837","3643566",2
"2838","3643720",1
"2839","3644710",2
"2840","3644831",1
"2841","3645018",1
"2842","3645480",1
"2843","3645557",2
"2844","3645986",2
"2845","3645997",7
"2846","3646019",1
"2847","3646140",1
"2848","3646239",3
"2849","3646514",2
"2850","3646646",1
"2851","3646668",2
"2852","3646976",1
"2853","3647042",6
"2854","3647636",10
"2855","3647823",1
"2856","3648054",1
"2857","3648142",1
"2858","3648175",3
"2859","3648208",1
"2860","3648296",1
"2861","3648890",6
"2862","3649121",2
"2863","3649407",5
"2864","3650034",9
"2865","3650100",8
"2866","3650221",1
"2867","3650243",1
"2868","3650276",1
"2869","3650298",5
"2870","3650397",2
"2871","3650551",13
"2872","3650617",8
"2873","3651000",767
"2874","3651055",4
"2875","3651262",2
"2876","3651583",1
"2877","3651847",2
"2878","3653396",3
"2879","3653660",2
"2880","3653770",1
"2881","3653979",1
"2882","3654100",6
"2883","3654144",1
"2884","3654441",2
"2885","3654485",1
"2886","3654705",1
"2887","3654716",5
"2888","3654881",10
"2889","3655167",1
"2890","3655266",2
"2891","3655365",1
"2892","3655530",5
"2893","3655574",4
"2894","3656341",1
"2895","3656660",9
"2896","3656814",2
"2897","3656869",1
"2898","3656902",2
"2899","3656979",6
"2900","3657001",1
"2901","3657177",2
"2902","3657551",1
"2903","3658354",3
"2904","3658442",2
"2905","3658574",23
"2906","3658728",3
"2907","3659223",2
"2908","3659311",1
"2909","3659355",4
"2910","3659377",9
"2911","3659388",6
"2912","3659520",3
"2913","3659564",11
"2914","3659641",17
"2915","3660675",1
"2916","3660895",3
"2917","3661148",2
"2918","3661346",9
"2919","3661973",6
"2920","3663000",48
"2921","3663264",2
"2922","3663418",5
"2923","3663506",2
"2924","3663814",2
"2925","3663979",1
"2926","3664309",4
"2927","3664325",1
"2928","3664485",9
"2929","3664584",1
"2930","3665233",9
"2931","3665255",18
"2932","3665288",3
"2933","3665431",5
"2934","3665508",7
"2935","3665585",1
"2936","3665640",1
"2937","3665750",2
"2938","3665893",1
"2939","3666058",1
"2940","3666212",3
"2941","3666322",5
"2942","3667070",1
"2943","3667081",2
"2944","3667191",1
"2945","3667638",1
"2946","3667851",2
"2947","3668462",2
"2948","3669078",1
"2949","3670420",2
"2950","3671597",1
"2951","3671608",5
"2952","3671663",1
"2953","3671894",1
"2954","3672554",1
"2955","3673000",59
"2956","3673143",1
"2957","3673176",6
"2958","3673583",1
"2959","3674166",1
"2960","3675484",10
"2961","3675671",1
"2962","3676540",23
"2963","3676705",1
"2964","3677167",1
"2965","3677376",1
"2966","3677684",1
"2967","3677849",1
"2968","3678146",1
"2969","3678168",4
"2970","3678333",1
"2971","3678355",5
"2972","3678575",2
"2973","3678608",13
"2974","3678960",6
"2975","3679092",1
"2976","3679444",3
"2977","3680225",1
"2978","3680291",1
"2979","3680302",2
"2980","3680522",1
"2981","3680599",1
"2982","3680747",1
"2983","3680764",1
"2984","3681677",17
"2985","3682084",1
"2986","3682524",1
"2987","3683041",6
"2988","3684000",7
"2989","3684088",1
"2990","3684143",1
"2991","3700680",3
"2992","3701520",4
"2993","3702080",2
"2994","3702140",52
"2995","3703100",1
"2996","3703960",1
"2997","3704260",2
"2998","3704840",2
"2999","3706000",1
"3000","3706140",7
"3001","3707080",10
"3002","3707720",8
"3003","3709060",5
"3004","3709140",3
"3005","3710620",4
"3006","3710740",14
"3007","3710860",1
"3008","3711800",48
"3009","3712000",68
"3010","3712720",1
"3011","3712860",1
"3012","3712960",3
"3013","3713500",1
"3014","3713980",1
"3015","3714100",5
"3016","3714400",1
"3017","3714700",2
"3018","3715880",2
"3019","3716400",2
"3020","3719000",50
"3021","3719420",1
"3022","3720080",1
"3023","3720580",3
"3024","3720600",1
"3025","3721095",2
"3026","3722920",10
"3027","3722982",1
"3028","3723600",2
"3029","3724640",2
"3030","3725300",2
"3031","3725480",1
"3032","3725580",3
"3033","3726880",1
"3034","3727280",6
"3035","3728000",45
"3036","3728080",17
"3037","3729180",1
"3038","3729800",1
"3039","3730720",21
"3040","3731060",6
"3041","3731400",7
"3042","3731620",7
"3043","3732260",2
"3044","3732640",1
"3045","3732840",1
"3046","3733120",4
"3047","3733560",1
"3048","3734200",4
"3049","3735600",2
"3050","3735760",1
"3051","3736080",2
"3052","3737220",1
"3053","3737680",1
"3054","3737760",1
"3055","3738060",1
"3056","3738220",2
"3057","3738320",1
"3058","3739360",1
"3059","3739700",1
"3060","3740600",1
"3061","3741420",1
"3062","3741960",4
"3063","3742020",1
"3064","3742060",1
"3065","3743580",2
"3066","3743720",1
"3067","3743920",3
"3068","3744220",6
"3069","3744320",1
"3070","3744400",6
"3071","3744520",4
"3072","3745640",1
"3073","3745660",1
"3074","3745880",3
"3075","3746000",1
"3076","3746340",5
"3077","3747000",3
"3078","3748740",4
"3079","3751940",1
"3080","3752660",9
"3081","3754580",1
"3082","3755000",102
"3083","3755900",3
"3084","3756360",1
"3085","3756900",1
"3086","3757500",1
"3087","3758140",1
"3088","3758860",6
"3089","3759580",2
"3090","3763120",2
"3091","3763400",1
"3092","3763680",1
"3093","3763880",1
"3094","3764500",1
"3095","3764740",1
"3096","3766500",6
"3097","3766740",1
"3098","3766960",1
"3099","3768520",1
"3100","3770540",4
"3101","3771100",1
"3102","3771220",1
"3103","3771460",2
"3104","3771500",6
"3105","3772540",2
"3106","3773760",1
"3107","3774440",39
"3108","3774540",4
"3109","3775000",44
"3110","3775060",1
"3111","3802660",1
"3112","3807200",10
"3113","3819620",1
"3114","3825700",28
"3115","3832060",13
"3116","3840580",2
"3117","3849900",1
"3118","3853380",7
"3119","3871660",1
"3120","3886220",1
"3121","3900198",1
"3122","3901000",28
"3123","3901420",4
"3124","3901798",1
"3125","3902232",1
"3126","3902568",3
"3127","3902582",2
"3128","3902638",2
"3129","3902736",18
"3130","3903352",2
"3131","3903464",2
"3132","3903828",1
"3133","3904150",2
"3134","3904416",1
"3135","3904500",5
"3136","3904720",3
"3137","3904840",2
"3138","3905102",1
"3139","3905690",2
"3140","3907300",1
"3141","3907426",1
"3142","3907972",9
"3143","3909064",1
"3144","3909200",2
"3145","3909274",1
"3146","3909680",2
"3147","3909792",1
"3148","3910632",1
"3149","3911066",1
"3150","3911332",1
"3151","3912000",5
"3152","3912112",1
"3153","3912868",3
"3154","3913190",2
"3155","3913358",1
"3156","3913554",2
"3157","3914184",4
"3158","3915000",73
"3159","3916000",70
"3160","3916014",1
"3161","3918000",109
"3162","3918350",1
"3163","3919778",2
"3164","3921000",42
"3165","3921308",1
"3166","3921434",10
"3167","3922456",1
"3168","3922694",5
"3169","3924234",1
"3170","3925256",4
"3171","3925704",2
"3172","3926446",2
"3173","3927048",4
"3174","3927776",1
"3175","3928476",1
"3176","3928826",1
"3177","3929162",1
"3178","3929246",1
"3179","3929442",1
"3180","3929498",1
"3181","3929610",1
"3182","3929722",1
"3183","3930072",1
"3184","3930352",1
"3185","3930674",1
"3186","3931304",1
"3187","3931402",1
"3188","3932592",2
"3189","3933012",7
"3190","3935098",1
"3191","3935476",7
"3192","3937016",1
"3193","3937464",1
"3194","3938500",1
"3195","3939340",1
"3196","3939536",1
"3197","3939872",9
"3198","3940040",1
"3199","3940348",1
"3200","3941552",1
"3201","3941664",1
"3202","3941720",2
"3203","3942084",1
"3204","3942364",2
"3205","3943554",10
"3206","3944632",1
"3207","3944856",3
"3208","3944912",1
"3209","3945066",1
"3210","3945108",1
"3211","3945696",1
"3212","3945808",2
"3213","3945822",1
"3214","3946312",3
"3215","3946480",1
"3216","3947138",4
"3217","3947628",5
"3218","3947754",2
"3219","3948160",2
"3220","3948188",2
"3221","3948244",2
"3222","3948342",1
"3223","3948706",1
"3224","3948790",3
"3225","3949056",4
"3226","3949840",3
"3227","3950372",1
"3228","3951310",4
"3229","3952010",2
"3230","3952738",1
"3231","3953102",3
"3232","3953970",1
"3233","3954040",4
"3234","3954852",1
"3235","3955216",1
"3236","3955916",1
"3237","3956294",1
"3238","3956770",1
"3239","3956798",1
"3240","3956882",1
"3241","3956966",1
"3242","3957008",2
"3243","3957302",4
"3244","3957386",2
"3245","3957764",1
"3246","3957834",10
"3247","3958422",2
"3248","3958828",1
"3249","3959010",1
"3250","3959234",8
"3251","3959416",5
"3252","3961000",1
"3253","3961028",1
"3254","3961574",1
"3255","3961882",1
"3256","3962148",1
"3257","3962498",2
"3258","3963030",1
"3259","3964150",1
"3260","3964304",2
"3261","3964486",1
"3262","3965592",1
"3263","3966390",1
"3264","3966894",1
"3265","3967356",1
"3266","3967762",1
"3267","3967874",1
"3268","3968056",2
"3269","3969526",1
"3270","3969708",1
"3271","3970380",2
"3272","3971206",1
"3273","3971682",2
"3274","3972060",1
"3275","3972928",3
"3276","3973670",1
"3277","3974076",1
"3278","3974118",3
"3279","3974608",1
"3280","3974944",2
"3281","3975014",2
"3282","3975098",1
"3283","3975350",1
"3284","3975602",2
"3285","3976022",3
"3286","3976050",1
"3287","3976428",3
"3288","3976568",1
"3289","3976680",1
"3290","3976778",1
"3291","3976876",2
"3292","3977000",42
"3293","3977588",3
"3294","3977924",1
"3295","3978050",1
"3296","3979002",2
"3297","3979072",1
"3298","3979114",1
"3299","3979394",2
"3300","3979562",1
"3301","3979716",2
"3302","3980892",3
"3303","3981718",1
"3304","3981760",2
"3305","3981858",1
"3306","3981935",1
"3307","3982376",1
"3308","3982642",1
"3309","3982712",1
"3310","3983090",1
"3311","3983342",12
"3312","3983734",1
"3313","3984196",1
"3314","3984770",1
"3315","3985036",1
"3316","3985484",2
"3317","3985792",4
"3318","3986548",19
"3319","3986604",1
"3320","3986772",2
"3321","3986940",5
"3322","3988000",26
"3323","3988084",4
"3324","4002600",1
"3325","4005700",1
"3326","4006600",1
"3327","4007750",1
"3328","4009050",3
"3329","4012900",1
"3330","4014700",1
"3331","4016350",1
"3332","4019900",1
"3333","4021900",1
"3334","4023200",4
"3335","4023950",2
"3336","4031250",1
"3337","4031600",1
"3338","4037800",2
"3339","4041850",7
"3340","4048000",1
"3341","4050050",2
"3342","4051150",1
"3343","4052500",11
"3344","4055000",59
"3345","4055150",3
"3346","4056800",1
"3347","4066800",1
"3348","4070300",9
"3349","4072100",3
"3350","4074400",1
"3351","4075000",34
"3352","4082950",1
"3353","4101000",11
"3354","4103050",18
"3355","4103150",20
"3356","4103300",1
"3357","4103650",1
"3358","4103800",2
"3359","4105350",15
"3360","4105800",38
"3361","4108650",8
"3362","4109800",3
"3363","4110950",1
"3364","4111850",2
"3365","4113750",1
"3366","4115250",19
"3367","4115350",1
"3368","4115800",26
"3369","4115950",2
"3370","4117700",3
"3371","4122200",1
"3372","4122800",1
"3373","4123500",3
"3374","4123800",1
"3375","4123850",76
"3376","4126050",6
"3377","4126200",5
"3378","4128450",1
"3379","4129900",2
"3380","4130550",9
"3381","4131250",5
"3382","4131650",3
"3383","4133550",2
"3384","4133700",3
"3385","4134100",22
"3386","4134900",8
"3387","4137550",1
"3388","4137900",1
"3389","4139700",14
"3390","4140350",6
"3391","4140550",9
"3392","4142600",4
"3393","4145000",9
"3394","4145250",6
"3395","4147000",23
"3396","4148650",4
"3397","4149450",1
"3398","4149550",3
"3399","4150236",1
"3400","4152100",3
"3401","4152450",12
"3402","4154325",2
"3403","4154450",1
"3404","4155200",4
"3405","4157150",9
"3406","4157450",1
"3407","4157500",1
"3408","4159000",281
"3409","4159250",6
"3410","4159850",1
"3411","4160850",3
"3412","4161200",6
"3413","4163650",15
"3414","4164600",7
"3415","4164900",62
"3416","4165250",5
"3417","4165500",2
"3418","4165950",4
"3419","4167050",2
"3420","4167100",8
"3421","4167600",1
"3422","4167650",4
"3423","4169600",4
"3424","4171950",1
"3425","4172500",1
"3426","4172950",12
"3427","4173700",7
"3428","4174850",3
"3429","4174950",1
"3430","4175650",1
"3431","4177050",1
"3432","4178800",1
"3433","4180150",5
"3434","4182450",1
"3435","4182800",1
"3436","4183750",5
"3437","4184200",10
"3438","4202000",26
"3439","4202056",1
"3440","4202184",3
"3441","4202264",5
"3442","4202288",1
"3443","4202349",1
"3444","4202608",3
"3445","4202832",1
"3446","4202896",11
"3447","4203088",1
"3448","4204032",1
"3449","4204688",14
"3450","4204792",3
"3451","4204944",1
"3452","4205256",3
"3453","4205904",1
"3454","4206064",3
"3455","4206088",24
"3456","4206496",1
"3457","4207128",7
"3458","4207472",1
"3459","4207960",1
"3460","4207976",1
"3461","4208040",2
"3462","4208064",1
"3463","4208392",1
"3464","4208568",1
"3465","4208624",1
"3466","4208760",1
"3467","4209248",2
"3468","4209416",1
"3469","4209696",1
"3470","4209728",6
"3471","4210464",4
"3472","4210768",1
"3473","4210832",1
"3474","4211000",1
"3475","4211152",2
"3476","4211272",10
"3477","4211336",1
"3478","4211348",1
"3479","4212536",3
"3480","4213208",2
"3481","4213232",2
"3482","4213648",1
"3483","4213704",1
"3484","4213800",4
"3485","4213880",1
"3486","4214712",2
"3487","4215384",2
"3488","4215776",1
"3489","4215848",1
"3490","4216144",1
"3491","4218072",2
"3492","4218136",2
"3493","4218960",1
"3494","4219208",1
"3495","4219752",3
"3496","4219784",16
"3497","4219920",6
"3498","4220672",1
"3499","4221648",7
"3500","4221712",1
"3501","4221872",3
"3502","4222024",1
"3503","4222280",1
"3504","4222608",2
"3505","4223016",1
"3506","4223304",1
"3507","4223440",1
"3508","4223584",3
"3509","4224000",25
"3510","4224440",7
"3511","4224712",2
"3512","4224856",1
"3513","4226280",1
"3514","4226296",1
"3515","4226872",1
"3516","4226880",1
"3517","4227672",1
"3518","4227712",1
"3519","4228600",1
"3520","4228960",15
"3521","4229040",1
"3522","4229760",1
"3523","4229808",3
"3524","4231200",8
"3525","4231656",2
"3526","4232120",2
"3527","4232448",1
"3528","4232688",1
"3529","4232800",57
"3530","4233000",1
"3531","4233200",2
"3532","4233408",2
"3533","4233744",1
"3534","4234144",2
"3535","4235224",8
"3536","4235800",2
"3537","4236816",7
"3538","4237208",1
"3539","4237304",5
"3540","4238000",3
"3541","4238200",2
"3542","4238288",3
"3543","4239352",4
"3544","4239736",3
"3545","4239784",1
"3546","4240656",5
"3547","4240848",1
"3548","4241216",33
"3549","4241392",4
"3550","4241432",5
"3551","4241440",1
"3552","4242352",3
"3553","4242392",1
"3554","4242928",1
"3555","4242976",11
"3556","4243248",1
"3557","4243544",1
"3558","4243656",1
"3559","4243816",2
"3560","4246072",2
"3561","4246392",1
"3562","4246792",1
"3563","4246888",2
"3564","4247344",1
"3565","4247424",1
"3566","4248360",5
"3567","4248376",5
"3568","4248480",8
"3569","4248696",4
"3570","4248704",2
"3571","4248768",2
"3572","4249128",1
"3573","4249400",4
"3574","4249768",2
"3575","4250016",1
"3576","4250528",3
"3577","4250720",1
"3578","4251144",1
"3579","4251344",1
"3580","4251496",1
"3581","4251912",1
"3582","4252016",1
"3583","4252432",1
"3584","4252664",2
"3585","4253192",1
"3586","4253368",1
"3587","4253712",3
"3588","4254184",7
"3589","4254656",9
"3590","4254696",1
"3591","4256664",1
"3592","4257816",5
"3593","4259384",2
"3594","4260000",372
"3595","4260120",6
"3596","4261000",129
"3597","4261688",1
"3598","4262088",1
"3599","4262416",10
"3600","4262432",2
"3601","4262792",1
"3602","4263048",1
"3603","4263064",1
"3604","4263624",31
"3605","4263840",1
"3606","4264784",2
"3607","4264856",1
"3608","4266256",2
"3609","4266576",1
"3610","4266808",1
"3611","4267120",1
"3612","4267264",1
"3613","4268192",2
"3614","4268328",2
"3615","4268432",1
"3616","4269000",12
"3617","4269216",5
"3618","4269248",2
"3619","4269376",1
"3620","4269600",1
"3621","4269720",5
"3622","4270352",2
"3623","4270640",1
"3624","4271184",2
"3625","4271856",2
"3626","4273192",2
"3627","4273808",35
"3628","4274888",6
"3629","4275304",1
"3630","4275648",4
"3631","4276440",1
"3632","4276648",1
"3633","4276808",1
"3634","4277584",1
"3635","4278528",2
"3636","4279776",1
"3637","4280229",1
"3638","4280248",3
"3639","4281000",1
"3640","4281328",3
"3641","4282008",1
"3642","4282160",1
"3643","4282704",36
"3644","4282968",1
"3645","4283104",1
"3646","4283280",1
"3647","4284144",1
"3648","4285152",18
"3649","4285312",8
"3650","4285464",1
"3651","4286744",3
"3652","4286880",1
"3653","4287048",17
"3654","4287208",1
"3655","4412340",1
"3656","4414140",7
"3657","4414320",2
"3658","4414860",1
"3659","4419180",5
"3660","4422960",2
"3661","4431240",1
"3662","4438980",3
"3663","4449960",5
"3664","4450140",179
"3665","4454640",1
"3666","4459000",80
"3667","4470700",2
"3668","4473132",1
"3669","4474300",7
"3670","4476820",4
"3671","4480780",1
"3672","4500550",85
"3673","4501360",2
"3674","4504690",7
"3675","4507210",6
"3676","4507255",2
"3677","4513330",43
"3678","4514095",2
"3679","4514950",4
"3680","4516000",52
"3681","4516405",2
"3682","4518565",1
"3683","4519285",1
"3684","4521265",1
"3685","4525810",5
"3686","4526890",4
"3687","4528060",1
"3688","4528870",2
"3689","4529815",2
"3690","4530850",43
"3691","4530895",2
"3692","4530985",1
"3693","4532245",1
"3694","4532560",1
"3695","4534045",2
"3696","4534360",1
"3697","4539310",1
"3698","4539715",1
"3699","4539805",1
"3700","4541335",2
"3701","4542730",1
"3702","4543720",1
"3703","4544575",1
"3704","4548535",4
"3705","4548985",1
"3706","4549075",14
"3707","4550695",1
"3708","4550875",9
"3709","4553080",1
"3710","4554340",1
"3711","4555645",2
"3712","4556365",2
"3713","4561405",15
"3714","4566580",3
"3715","4568290",8
"3716","4570270",2
"3717","4571395",3
"3718","4575850",2
"3719","4579630",1
"3720","4600100",4
"3721","4606620",1
"3722","4607580",4
"3723","4608460",1
"3724","4615140",1
"3725","4620180",2
"3726","4623820",1
"3727","4627540",1
"3728","4631060",1
"3729","4632700",1
"3730","4633580",1
"3731","4645024",1
"3732","4649600",6
"3733","4649660",1
"3734","4652980",29
"3735","4659020",29
"3736","4659260",1
"3737","4660020",3
"3738","4662100",1
"3739","4666700",6
"3740","4669300",1
"3741","4673060",1
"3742","4701740",1
"3743","4702320",2
"3744","4703440",1
"3745","4706740",1
"3746","4706960",1
"3747","4708280",5
"3748","4708500",1
"3749","4708540",7
"3750","4709200",6
"3751","4709880",1
"3752","4712420",1
"3753","4714000",25
"3754","4715160",13
"3755","4715400",3
"3756","4716300",2
"3757","4716420",1
"3758","4716920",7
"3759","4718540",2
"3760","4722720",1
"3761","4723500",2
"3762","4724360",1
"3763","4725760",1
"3764","4727740",18
"3765","4728420",1
"3766","4728540",2
"3767","4728960",2
"3768","4730700",1
"3769","4730980",5
"3770","4732742",1
"3771","4733280",1
"3772","4737640",14
"3773","4737820",1
"3774","4738320",22
"3775","4738540",1
"3776","4738800",1
"3777","4739560",4
"3778","4739620",1
"3779","4740000",56
"3780","4741200",1
"3781","4741520",1
"3782","4741760",2
"3783","4743780",2
"3784","4744420",1
"3785","4745500",2
"3786","4746380",4
"3787","4748000",68
"3788","4750280",2
"3789","4751560",15
"3790","4752006",118
"3791","4753460",2
"3792","4755120",4
"3793","4756720",1
"3794","4760480",2
"3795","4766720",1
"3796","4767120",2
"3797","4767140",1
"3798","4767760",1
"3799","4768540",1
"3800","4769420",2
"3801","4770580",1
"3802","4772040",1
"3803","4773900",1
"3804","4775000",1
"3805","4775320",1
"3806","4775940",1
"3807","4780200",1
"3808","4801000",9
"3809","4801576",3
"3810","4801744",1
"3811","4801924",4
"3812","4802104",10
"3813","4802260",1
"3814","4803000",15
"3815","4804000",9
"3816","4804504",1
"3817","4805000",179
"3818","4805864",4
"3819","4806128",3
"3820","4807000",4
"3821","4807132",1
"3822","4807300",1
"3823","4807492",3
"3824","4807552",1
"3825","4808236",2
"3826","4809160",1
"3827","4810156",4
"3828","4810336",1
"3829","4810768",22
"3830","4810912",8
"3831","4811080",1
"3832","4811428",3
"3833","4812496",1
"3834","4812532",1
"3835","4812988",2
"3836","4813024",2
"3837","4813276",1
"3838","4813312",1
"3839","4813552",5
"3840","4813684",1
"3841","4814236",1
"3842","4814920",1
"3843","4815544",3
"3844","4815676",1
"3845","4815976",13
"3846","4815988",1
"3847","4816228",1
"3848","4816240",2
"3849","4816432",3
"3850","4816612",1
"3851","4817000",35
"3852","4817060",1
"3853","4817960",1
"3854","4819000",86
"3855","4819528",1
"3856","4819624",1
"3857","4819792",1
"3858","4819972",29
"3859","4820428",2
"3860","4820884",1
"3861","4821424",2
"3862","4821892",1
"3863","4822660",4
"3864","4824000",72
"3865","4824768",1
"3866","4824912",1
"3867","4825452",1
"3868","4826160",1
"3869","4826232",2
"3870","4826808",1
"3871","4827000",46
"3872","4827648",1
"3873","4827684",12
"3874","4827996",1
"3875","4828068",9
"3876","4829000",6
"3877","4829336",5
"3878","4830416",2
"3879","4830464",2
"3880","4830644",2
"3881","4832312",1
"3882","4832372",4
"3883","4833146",1
"3884","4833560",1
"3885","4834676",1
"3886","4835000",141
"3887","4835348",2
"3888","4835528",5
"3889","4836008",1
"3890","4836032",1
"3891","4837000",5
"3892","4837072",1
"3893","4838476",10
"3894","4838632",2
"3895","4839040",5
"3896","4839124",2
"3897","4839148",5
"3898","4839352",1
"3899","4839868",1
"3900","4839952",2
"3901","4840168",1
"3902","4841464",11
"3903","4841980",1
"3904","4842016",3
"3905","4842568",1
"3906","4843096",1
"3907","4843144",1
"3908","4843888",5
"3909","4844116",2
"3910","4845000",21
"3911","4845072",6
"3912","4845384",23
"3913","4845744",10
"3914","4846056",1
"3915","4846440",1
"3916","4846452",3
"3917","4846620",3
"3918","4846776",2
"3919","4847700",1
"3920","4847832",1
"3921","4847892",2
"3922","4848072",7
"3923","4848768",6
"3924","4849068",1
"3925","4849800",1
"3926","4849860",1
"3927","4850100",1
"3928","4850256",11
"3929","4850472",1
"3930","4850628",1
"3931","4850820",6
"3932","4852356",2
"3933","4853388",3
"3934","4854132",4
"3935","4854708",2
"3936","4855080",3
"3937","4856348",2
"3938","4856384",1
"3939","4856516",1
"3940","4857176",5
"3941","4857200",2
"3942","4858016",11
"3943","4859084",1
"3944","4859336",1
"3945","4859696",1
"3946","4860836",1
"3947","4861796",7
"3948","4861892",2
"3949","4862168",2
"3950","4862588",1
"3951","4862828",3
"3952","4863284",1
"3953","4863500",7
"3954","4863668",1
"3955","4864472",3
"3956","4865000",101
"3957","4865180",1
"3958","4865516",1
"3959","4865600",6
"3960","4866128",1
"3961","4866644",4
"3962","4867424",1
"3963","4867496",14
"3964","4868036",1
"3965","4869032",2
"3966","4869596",5
"3967","4870208",1
"3968","4870688",1
"3969","4870808",4
"3970","4871156",1
"3971","4871948",7
"3972","4872176",5
"3973","4872368",3
"3974","4872392",1
"3975","4872530",1
"3976","4872656",6
"3977","4873316",2
"3978","4873376",8
"3979","4873710",1
"3980","4874144",9
"3981","4874408",1
"3982","4874588",1
"3983","4875428",4
"3984","4876000",17
"3985","4876024",1
"3986","4876228",1
"3987","4876636",1
"3988","4876864",2
"3989","4876948",1
"3990","4877272",1
"3991","4878136",1
"3992","4878532",1
"3993","4879000",15
"3994","4879408",1
"3995","4879624",1
"3996","4879972",1
"3997","4880356",1
"3998","4906700",1
"3999","4907690",2
"4000","4911000",1
"4001","4911320",6
"4002","4911980",1
"4003","4913850",1
"4004","4916270",2
"4005","4920120",1
"4006","4920810",1
"4007","4923530",1
"4008","4928150",1
"4009","4934200",2
"4010","4934530",1
"4011","4934970",2
"4012","4935190",1
"4013","4935300",1
"4014","4938710",1
"4015","4939920",4
"4016","4940360",2
"4017","4940470",1
"4018","4943660",1
"4019","4944320",2
"4020","4945860",15
"4021","4950700",3
"4022","4953230",3
"4023","4955980",13
"4024","4957300",5
"4025","4958070",6
"4026","4960930",1
"4027","4962470",14
"4028","4964340",1
"4029","4965330",13
"4030","4967000",178
"4031","4967440",7
"4032","4967770",2
"4033","4967825",1
"4034","4969640",1
"4035","4970850",2
"4036","4971290",2
"4037","4971840",1
"4038","4972280",2
"4039","4975360",1
"4040","4976680",1
"4041","4981960",1
"4042","4982950",5
"4043","4983470",6
"4044","4984095",1
"4045","4985370",2
"4046","5001375",1
"4047","5003175",2
"4048","5004225",1
"4049","5004750",13
"4050","5005725",1
"4051","5007225",1
"4052","5007675",1
"4053","5007975",25
"4054","5008950",1
"4055","5010675",41
"4056","5011050",1
"4057","5011875",3
"4058","5012175",1
"4059","5013450",2
"4060","5013600",2
"4061","5013860",1
"4062","5017050",1
"4063","5017425",1
"4064","5024400",17
"4065","5025600",2
"4066","5028000",1
"4067","5030100",3
"4068","5031750",2
"4069","5032350",1
"4070","5033400",1
"4071","5034975",1
"4072","5036025",1
"4073","5036625",4
"4074","5037000",1
"4075","5037750",1
"4076","5041950",2
"4077","5042700",12
"4078","5044275",9
"4079","5045175",1
"4080","5046000",45
"4081","5046825",2
"4082","5048325",1
"4083","5048850",2
"4084","5049450",1
"4085","5052825",3
"4086","5057625",4
"4087","5058000",2
"4088","5059200",1
"4089","5061225",15
"4090","5061675",3
"4091","5062125",5
"4092","5066175",6
"4093","5068050",1
"4094","5069475",2
"4095","5070450",1
"4096","5071650",1
"4097","5073225",1
"4098","5074125",1
"4099","5074650",1
"4100","5075250",2
"4101","5076900",2
"4102","5083575",2
"4103","5085000",1
"4104","5085150",1
"4105","5085900",3
"4106","5086050",1
"4107","5100148",4
"4108","5100180",1
"4109","5101000",28
"4110","5101672",1
"4111","5101912",5
"4112","5102072",1
"4113","5103000",24
"4114","5103320",5
"4115","5103368",1
"4116","5105336",1
"4117","5107480",2
"4118","5107784",16
"4119","5109656",3
"4120","5110040",1
"4121","5110856",1
"4122","5111464",2
"4123","5113720",3
"4124","5114440",3
"4125","5114744",7
"4126","5114968",82
"4127","5115000",1
"4128","5116000",8
"4129","5116096",3
"4130","5116608",1
"4131","5116736",1
"4132","5117552",1
"4133","5118400",1
"4134","5118448",2
"4135","5120560",2
"4136","5120752",3
"4137","5121344",5
"4138","5123760",2
"4139","5125488",3
"4140","5125792",1
"4141","5126496",68
"4142","5126592",1
"4143","5127200",11
"4144","5127440",3
"4145","5127968",1
"4146","5128496",1
"4147","5128544",1
"4148","5129600",1
"4149","5129744",15
"4150","5129968",1
"4151","5130176",2
"4152","5130208",1
"4153","5131136",1
"4154","5131200",12
"4155","5131608",2
"4156","5131616",1
"4157","5133824",1
"4158","5135000",6
"4159","5135160",1
"4160","5135624",13
"4161","5135976",2
"4162","5136648",5
"4163","5137336",1
"4164","5138632",1
"4165","5139528",1
"4166","5142424",1
"4167","5142568",1
"4168","5144984",4
"4169","5145512",4
"4170","5147064",2
"4171","5147208",1
"4172","5147224",2
"4173","5147672",14
"4174","5147720",1
"4175","5148376",5
"4176","5148450",2
"4177","5148952",10
"4178","5148968",1
"4179","5149464",1
"4180","5149656",1
"4181","5149784",2
"4182","5150856",4
"4183","5151192",2
"4184","5151560",11
"4185","5152952",1
"4186","5155800",1
"4187","5156000",16
"4188","5156464",3
"4189","5157000",29
"4190","5158472",3
"4191","5159336",3
"4192","5159384",2
"4193","5159496",1
"4194","5161208",3
"4195","5161336",1
"4196","5161560",1
"4197","5161832",2
"4198","5163768",2
"4199","5164000",2
"4200","5164384",2
"4201","5164880",1
"4202","5165392",1
"4203","5166672",5
"4204","5167000",82
"4205","5167256",1
"4206","5168000",25
"4207","5170000",3
"4208","5170256",17
"4209","5171825",1
"4210","5173200",1
"4211","5174592",4
"4212","5174916",5
"4213","5175008",1
"4214","5175216",21
"4215","5175376",12
"4216","5176272",1
"4217","5176432",5
"4218","5177568",2
"4219","5179768",1
"4220","5180864",1
"4221","5181072",11
"4222","5182000",33
"4223","5183136",6
"4224","5183680",4
"4225","5184960",1
"4226","5186160",24
"4227","5186720",18
"4228","5187312",6
"4229","5187712",6
"4230","5187960",1
"4231","5188000",1
"4232","5188240",2
"4233","5300100",7
"4234","5301990",10
"4235","5302025",1
"4236","5302585",2
"4237","5303180",4
"4238","5303736",13
"4239","5304475",1
"4240","5305210",14
"4241","5305280",27
"4242","5306505",3
"4243","5307170",5
"4244","5307380",10
"4245","5307695",10
"4246","5308465",1
"4247","5308850",5
"4248","5309365",1
"4249","5309480",4
"4250","5310215",1
"4251","5310635",1
"4252","5311160",1
"4253","5311475",1
"4254","5311615",1
"4255","5311825",2
"4256","5312630",2
"4257","5313785",1
"4258","5314170",1
"4259","5315185",10
"4260","5319035",1
"4261","5320260",1
"4262","5320750",5
"4263","5321240",20
"4264","5322080",2
"4265","5322640",27
"4266","5323515",7
"4267","5323620",2
"4268","5323795",1
"4269","5324810",4
"4270","5325510",2
"4271","5325615",26
"4272","5326735",2
"4273","5332300",1
"4274","5333805",10
"4275","5334645",1
"4276","5335065",4
"4277","5335170",4
"4278","5335275",7
"4279","5335415",4
"4280","5335870",8
"4281","5335940",18
"4282","5336745",5
"4283","5336780",1
"4284","5338355",11
"4285","5338845",4
"4286","5340245",11
"4287","5340840",7
"4288","5341155",1
"4289","5342835",1
"4290","5343955",5
"4291","5344165",1
"4292","5345005",5
"4293","5345865",2
"4294","5346895",1
"4295","5347245",3
"4296","5347490",2
"4297","5347560",15
"4298","5348820",1
"4299","5349485",5
"4300","5350360",2
"4301","5350535",1
"4302","5350570",5
"4303","5350920",2
"4304","5351300",63
"4305","5351340",2
"4306","5352005",1
"4307","5352950",1
"4308","5353545",4
"4309","5355015",2
"4310","5355365",13
"4311","5355620",1
"4312","5355785",1
"4313","5355855",16
"4314","5355995",5
"4315","5356625",14
"4316","5356695",11
"4317","5357430",1
"4318","5357535",7
"4319","5357745",6
"4320","5358235",23
"4321","5358410",1
"4322","5359145",1
"4323","5361115",6
"4324","5363000",296
"4325","5363210",2
"4326","5363385",9
"4327","5363735",3
"4328","5363960",5
"4329","5364365",4
"4330","5364855",1
"4331","5365170",2
"4332","5365205",3
"4333","5365345",1
"4334","5366255",1
"4335","5367000",76
"4336","5367167",3
"4337","5367455",1
"4338","5368435",2
"4339","5368460",1
"4340","5370000",50
"4341","5371890",2
"4342","5372625",2
"4343","5373080",5
"4344","5373255",1
"4345","5373290",1
"4346","5373465",1
"4347","5374060",43
"4348","5374305",10
"4349","5375775",15
"4350","5376405",1
"4351","5377105",20
"4352","5378330",1
"4353","5379380",3
"4354","5379590",3
"4355","5380010",25
"4356","5403292",1
"4357","5404876",1
"4358","5405332",12
"4359","5408524",1
"4360","5411188",4
"4361","5414600",35
"4362","5414610",4
"4363","5415076",1
"4364","5415628",3
"4365","5420428",1
"4366","5424580",1
"4367","5426452",6
"4368","5427028",1
"4369","5435284",1
"4370","5439460",21
"4371","5443492",1
"4372","5446636",5
"4373","5448148",1
"4374","5452060",3
"4375","5455756",20
"4376","5456020",1
"4377","5457148",1
"4378","5458756",1
"4379","5460028",1
"4380","5462140",13
"4381","5464708",1
"4382","5465692",1
"4383","5466988",1
"4384","5470084",3
"4385","5473108",1
"4386","5473468",5
"4387","5473636",1
"4388","5485324",1
"4389","5485996",1
"4390","5486116",1
"4391","5486452",6
"4392","5486812",2
"4393","5487556",1
"4394","5500275",1
"4395","5502375",20
"4396","5503225",7
"4397","5504400",2
"4398","5504625",3
"4399","5505350",2
"4400","5506500",8
"4401","5509300",1
"4402","5511750",1
"4403","5511950",1
"4404","5514575",1
"4405","5517175",2
"4406","5517950",1
"4407","5519350",1
"4408","5519400",2
"4409","5519450",1
"4410","5519775",4
"4411","5521625",1
"4412","5522100",2
"4413","5522300",21
"4414","5523275",1
"4415","5523300",1
"4416","5523325",1
"4417","5523525",1
"4418","5525950",1
"4419","5526275",4
"4420","5526675",5
"4421","5527300",3
"4422","5528675",1
"4423","5528875",1
"4424","5529400",1
"4425","5531000",24
"4426","5531125",1
"4427","5533000",1
"4428","5533100",1
"4429","5533450",6
"4430","5534825",1
"4431","5535450",1
"4432","5536250",5
"4433","5537825",14
"4434","5539225",17
"4435","5539300",1
"4436","5539650",1
"4437","5540275",1
"4438","5540775",16
"4439","5540875",1
"4440","5541675",1
"4441","5545350",1
"4442","5546850",1
"4443","5548000",95
"4444","5548500",1
"4445","5549300",1
"4446","5549500",1
"4447","5549675",3
"4448","5551000",1
"4449","5551025",3
"4450","5551150",2
"4451","5551575",2
"4452","5553000",81
"4453","5553100",1
"4454","5553200",10
"4455","5553675",1
"4456","5554725",1
"4457","5554875",1
"4458","5555275",2
"4459","5557100",1
"4460","5558025",1
"4461","5559250",2
"4462","5559925",3
"4463","5560500",17
"4464","5561800",1
"4465","5563250",2
"4466","5563300",1
"4467","5563525",1
"4468","5563700",1
"4469","5564100",2
"4470","5566000",19
"4471","5567200",4
"4472","5567350",2
"4473","5567625",4
"4474","5568275",2
"4475","5571163",1
"4476","5571700",1
"4477","5572150",1
"4478","5572975",9
"4479","5573025",1
"4480","5573725",2
"4481","5574550",1
"4482","5574625",1
"4483","5575625",3
"4484","5577200",9
"4485","5577475",1
"4486","5577675",1
"4487","5577875",5
"4488","5577925",1
"4489","5578600",2
"4490","5578650",3
"4491","5578750",1
"4492","5580075",1
"4493","5582600",1
"4494","5582900",2
"4495","5582925",3
"4496","5583250",2
"4497","5584250",3
"4498","5584350",1
"4499","5584475",11
"4500","5584675",6
"4501","5585025",1
"4502","5585350",1
"4503","5586925",2
"4504","5587200",2
"4505","5587900",1
"4506","5588150",1
"4507","5588200",3
"4508","5605320",1
"4509","5613150",11
"4510","5613900",15
"4511","5615760",10
"4512","5625620",1
"4513","5630115",1
"4514","5631855",3
"4515","5640120",13
"4516","5644760",4
"4517","5645050",16
"4518","5649775",1
"4519","5661580",9
"4520","5662450",1
"4521","5666220",3
"4522","5667235",3
"4523","5669845",6
