"","PLACEFIPS","PostGFProtestCount"
"1","",4
"2","0100988",15
"3","0101708",1
"4","0101852",1
"5","0102860",1
"6","0102956",3
"7","0103076",6
"8","0107000",17
"9","0109208",1
"10","0111032",1
"11","0118976",2
"12","0119336",1
"13","0119648",1
"14","0120104",1
"15","0121184",2
"16","0123320",2
"17","0126896",7
"18","0126992",1
"19","0127616",1
"20","0128696",12
"21","0132416",2
"22","0135800",1
"23","0135896",5
"24","0137000",13
"25","0138272",1
"26","0138416",1
"27","0145784",4
"28","0150000",12
"29","0151000",21
"30","0151600",1
"31","0151696",2
"32","0153016",1
"33","0157048",3
"34","0157144",1
"35","0158848",1
"36","0159472",1
"37","0163336",1
"38","0169120",2
"39","0171976",1
"40","0174352",1
"41","0174400",1
"42","0174592",3
"43","0176920",3
"44","0177256",4
"45","0177304",3
"46","0178552",2
"47","0181720",1
"48","0203000",24
"49","0206520",1
"50","0217410",3
"51","0218620",1
"52","0218950",1
"53","0224230",4
"54","0230940",1
"55","0231050",1
"56","0232150",1
"57","0233140",11
"58","0236400",7
"59","0238970",3
"60","0240950",1
"61","0241830",1
"62","0254920",1
"63","0258660",3
"64","0270540",2
"65","0270760",1
"66","0271640",4
"67","0274830",1
"68","0280660",1
"69","0282200",1
"70","0283080",2
"71","0400870",1
"72","0406260",2
"73","0408220",3
"74","0410180",1
"75","0410530",2
"76","0412000",4
"77","0412840",1
"78","0414380",1
"79","0415500",2
"80","0420050",32
"81","0423620",13
"82","0423760",1
"83","0425300",2
"84","0427400",9
"85","0427820",3
"86","0428380",1
"87","0429710",3
"88","0437620",5
"89","0439370",5
"90","0444270",2
"91","0444410",2
"92","0446000",9
"93","0449640",4
"94","0451180",1
"95","0452930",2
"96","0453700",4
"97","0454050",1
"98","0455000",95
"99","0457380",7
"100","0457450",3
"101","0458150",1
"102","0462000",1
"103","0462140",2
"104","0465000",9
"105","0466470",1
"106","0466820",5
"107","0466845",1
"108","0471510",1
"109","0473000",9
"110","0477000",110
"111","0482670",3
"112","0482740",2
"113","0483160",1
"114","0485540",6
"115","0501870",1
"116","0504030",1
"117","0505290",2
"118","0505320",5
"119","0510300",1
"120","0514140",2
"121","0515190",5
"122","0516240",1
"123","0521070",6
"124","0523290",3
"125","0524550",14
"126","0530460",4
"127","0533400",3
"128","0534750",2
"129","0535710",5
"130","0541000",26
"131","0546580",1
"132","0547390",2
"133","0550450",1
"134","0555310",1
"135","0557170",1
"136","0560410",3
"137","0561670",2
"138","0563020",1
"139","0563710",2
"140","0564370",1
"141","0566080",3
"142","0568810",1
"143","0571960",1
"144","0577600",2
"145","0600296",6
"146","0600394",1
"147","0600562",11
"148","0600674",4
"149","0600884",3
"150","0600947",1
"151","0601290",2
"152","0601640",1
"153","0602000",12
"154","0602112",1
"155","0602252",11
"156","0602294",1
"157","0602364",2
"158","0602476",1
"159","0602868",1
"160","0602924",1
"161","0602980",1
"162","0603064",1
"163","0603092",2
"164","0603162",2
"165","0603204",3
"166","0603302",1
"167","0603526",32
"168","0603820",2
"169","0604030",1
"170","0604758",1
"171","0605290",3
"172","0606000",44
"173","0606308",39
"174","0606434",8
"175","0606798",6
"176","0607694",3
"177","0608100",2
"178","0608142",15
"179","0608310",1
"180","0608758",1
"181","0608786",2
"182","0608954",5
"183","0609066",1
"184","0609324",1
"185","0609598",3
"186","0609710",2
"187","0609892",1
"188","0610046",3
"189","0610074",1
"190","0610345",1
"191","0610508",1
"192","0611040",1
"193","0611194",8
"194","0611324",1
"195","0611530",1
"196","0611964",8
"197","0612524",1
"198","0612552",1
"199","0613014",12
"200","0613210",2
"201","0613214",1
"202","0613294",1
"203","0613392",6
"204","0613588",1
"205","0613756",6
"206","0613882",2
"207","0613945",1
"208","0614190",1
"209","0614218",5
"210","0614274",1
"211","0614498",1
"212","0614946",1
"213","0615044",6
"214","0616000",3
"215","0616224",2
"216","0616350",1
"217","0616378",2
"218","0616532",8
"219","0616742",1
"220","0617022",2
"221","0617568",2
"222","0617610",1
"223","0617750",1
"224","0617918",2
"225","0617946",2
"226","0617988",6
"227","0618100",5
"228","0618394",4
"229","0618506",3
"230","0618996",1
"231","0619155",2
"232","0619192",3
"233","0619339",2
"234","0619402",1
"235","0619766",1
"236","0620018",3
"237","0620697",1
"238","0620802",2
"239","0620956",8
"240","0621712",5
"241","0621782",6
"242","0621796",11
"243","0622020",1
"244","0622104",1
"245","0622230",1
"246","0622300",5
"247","0622412",2
"248","0622454",1
"249","0622594",1
"250","0622678",16
"251","0622804",5
"252","0623042",10
"253","0623168",4
"254","0623182",20
"255","0623294",5
"256","0623826",1
"257","0624638",4
"258","0624680",4
"259","0625058",3
"260","0625296",2
"261","0625380",2
"262","0625534",1
"263","0626000",13
"264","0627000",26
"265","0628000",5
"266","0628154",2
"267","0628168",1
"268","0629000",1
"269","0629504",1
"270","0630000",6
"271","0630014",1
"272","0630798",9
"273","0630994",1
"274","0631393",2
"275","0631568",3
"276","0631708",5
"277","0631960",3
"278","0632548",1
"279","0633000",7
"280","0633056",4
"281","0633182",2
"282","0633434",1
"283","0633588",1
"284","0634120",6
"285","0636000",22
"286","0636294",4
"287","0636448",1
"288","0636546",3
"289","0636616",3
"290","0636770",8
"291","0636868",1
"292","0637554",1
"293","0637582",2
"294","0638520",1
"295","0639045",1
"296","0639122",48
"297","0639178",4
"298","0639248",3
"299","0639259",2
"300","0639290",2
"301","0639304",2
"302","0639486",1
"303","0639496",1
"304","0639766",2
"305","0639892",3
"306","0640004",5
"307","0640032",1
"308","0640130",1
"309","0640340",1
"310","0640354",3
"311","0640438",7
"312","0640704",1
"313","0640830",1
"314","0640956",1
"315","0641152",1
"316","0641992",7
"317","0642202",17
"318","0642524",4
"319","0643000",20
"320","0643140",2
"321","0643224",1
"322","0643280",4
"323","0644000",517
"324","0644028",1
"325","0644112",9
"326","0644574",3
"327","0644760",1
"328","0645022",1
"329","0645246",3
"330","0645400",7
"331","0645484",6
"332","0645778",3
"333","0645820",6
"334","0645932",1
"335","0646114",5
"336","0646170",2
"337","0646814",1
"338","0646870",6
"339","0646898",3
"340","0647374",1
"341","0647710",11
"342","0647766",2
"343","0647822",3
"344","0648354",12
"345","0648648",2
"346","0648816",1
"347","0648844",1
"348","0648872",10
"349","0649138",2
"350","0649187",1
"351","0649270",1
"352","0649278",7
"353","0649362",2
"354","0649582",1
"355","0649670",7
"356","0649852",1
"357","0650258",16
"358","0650398",1
"359","0650874",17
"360","0650916",3
"361","0651182",9
"362","0651476",2
"363","0651560",5
"364","0652582",15
"365","0652694",3
"366","0652764",1
"367","0653000",153
"368","0653070",6
"369","0653294",1
"370","0653322",7
"371","0653476",2
"372","0653896",1
"373","0653980",3
"374","0654120",1
"375","0654232",1
"376","0654274",1
"377","0654386",5
"378","0654652",7
"379","0654806",1
"380","0655156",4
"381","0655184",7
"382","0655254",8
"383","0655282",52
"384","0655380",1
"385","0655618",1
"386","0656000",14
"387","0656700",2
"388","0656756",1
"389","0656784",9
"390","0657288",3
"391","0657414",1
"392","0657456",3
"393","0657526",3
"394","0657540",7
"395","0657764",1
"396","0657792",7
"397","0657960",1
"398","0658072",5
"399","0658240",2
"400","0658380",28
"401","0658520",9
"402","0659080",1
"403","0659346",5
"404","0659444",1
"405","0659451",6
"406","0659500",2
"407","0659514",2
"408","0659587",1
"409","0659892",7
"410","0659920",13
"411","0659962",10
"412","0660018",4
"413","0660102",10
"414","0660466",1
"415","0660620",15
"416","0660704",5
"417","0662000",8
"418","0662364",2
"419","0662546",2
"420","0662602",1
"421","0662938",10
"422","0663218",1
"423","0664000",87
"424","0664224",9
"425","0664434",1
"426","0665000",7
"427","0665028",1
"428","0665042",14
"429","0665070",3
"430","0665084",5
"431","0666000",168
"432","0666140",1
"433","0667000",194
"434","0667042",1
"435","0667070",2
"436","0668000",109
"437","0668014",1
"438","0668084",7
"439","0668154",39
"440","0668196",2
"441","0668224",1
"442","0668252",7
"443","0668294",1
"444","0668364",17
"445","0668378",3
"446","0669000",15
"447","0669070",17
"448","0669084",4
"449","0669088",17
"450","0669112",23
"451","0669196",12
"452","0670000",14
"453","0670042",1
"454","0670098",27
"455","0670224",10
"456","0670280",1
"457","0670364",5
"458","0670588",1
"459","0670686",2
"460","0670742",11
"461","0670770",8
"462","0671806",2
"463","0672016",3
"464","0672506",3
"465","0672520",3
"466","0672576",6
"467","0672646",4
"468","0672674",34
"469","0673108",6
"470","0673220",10
"471","0673262",4
"472","0673696",1
"473","0673906",6
"474","0675000",16
"475","0677000",10
"476","0678092",9
"477","0678120",8
"478","0678148",1
"479","0678162",1
"480","0678582",13
"481","0678666",2
"482","0678960",1
"483","0680000",9
"484","0680238",3
"485","0680588",3
"486","0680812",9
"487","0681134",2
"488","0681204",3
"489","0681344",3
"490","0681554",15
"491","0681666",17
"492","0682422",1
"493","0682590",5
"494","0682954",9
"495","0682996",3
"496","0683332",1
"497","0683346",24
"498","0683542",1
"499","0683668",6
"500","0683794",1
"501","0684200",1
"502","0684410",9
"503","0684438",1
"504","0684550",4
"505","0684928",1
"506","0685292",7
"507","0685600",2
"508","0685922",1
"509","0686034",1
"510","0686328",5
"511","0686832",3
"512","0686944",2
"513","0687042",11
"514","0687056",2
"515","0801090",2
"516","0803455",3
"517","0803620",7
"518","0804000",19
"519","0804110",1
"520","0806255",3
"521","0807850",14
"522","0808400",3
"523","0809280",2
"524","0811810",1
"525","0812045",1
"526","0812415",4
"527","0812815",1
"528","0814765",1
"529","0816000",39
"530","0817375",9
"531","0817760",1
"532","0818310",4
"533","0819850",1
"534","0820000",109
"535","0820605",2
"536","0820770",1
"537","0822035",14
"538","0822860",2
"539","0823300",1
"540","0823740",1
"541","0824785",1
"542","0824950",2
"543","0825115",5
"544","0825390",3
"545","0827425",11
"546","0827810",1
"547","0828305",2
"548","0830340",1
"549","0830780",3
"550","0830835",1
"551","0831660",10
"552","0832155",4
"553","0833035",2
"554","0833640",1
"555","0836410",2
"556","0838535",1
"557","0841560",2
"558","0841835",2
"559","0843000",3
"560","0845255",1
"561","0845955",1
"562","0845970",16
"563","0846355",2
"564","0846465",3
"565","0847070",3
"566","0848445",1
"567","0851745",4
"568","0852075",3
"569","0854880",1
"570","0856420",1
"571","0857400",1
"572","0857630",1
"573","0862000",14
"574","0864200",1
"575","0864255",3
"576","0867280",2
"577","0870580",1
"578","0873825",4
"579","0873935",3
"580","0876795",2
"581","0880040",1
"582","0883450",1
"583","0883835",2
"584","0901150",3
"585","0904790",3
"586","0904945",1
"587","0907345",2
"588","0908000",18
"589","0908140",1
"590","0908420",4
"591","0908770",3
"592","0908910",3
"593","0914200",2
"594","0915420",1
"595","0915840",2
"596","0917170",1
"597","0917835",3
"598","0918220",3
"599","0918430",9
"600","0918936",8
"601","0918990",3
"602","0919200",1
"603","0919480",2
"604","0920740",1
"605","0922420",1
"606","0922700",3
"607","0922980",4
"608","0924520",1
"609","0926370",1
"610","0930470",1
"611","0931270",1
"612","0933690",10
"613","0934180",2
"614","0935020",1
"615","0937000",58
"616","0937770",1
"617","0937930",33
"618","0938050",1
"619","0939940",1
"620","0940150",3
"621","0941830",3
"622","0943300",1
"623","0944630",3
"624","0944690",14
"625","0945995",3
"626","0946450",3
"627","0947290",4
"628","0947515",2
"629","0947990",6
"630","0949810",3
"631","0949880",3
"632","0950370",5
"633","0950576",4
"634","0952000",42
"635","0952210",1
"636","0952280",7
"637","0952770",1
"638","0952910",1
"639","0953120",3
"640","0954940",10
"641","0955990",5
"642","0956200",14
"643","0957390",5
"644","0960090",1
"645","0960260",1
"646","0961870",2
"647","0962640",1
"648","0963900",1
"649","0966455",1
"650","0967890",1
"651","0968100",3
"652","0969150",1
"653","0971530",2
"654","0972300",2
"655","0973000",18
"656","0973700",5
"657","0973980",1
"658","0974303",3
"659","0975660",1
"660","0976500",8
"661","0977278",5
"662","0978880",3
"663","0980000",9
"664","0980210",2
"665","0980420",1
"666","0980770",5
"667","0982660",15
"668","0982800",2
"669","0983360",1
"670","0983586",4
"671","0984970",2
"672","0985810",5
"673","0986380",1
"674","0987140",6
"675","0987980",1
"676","1010760",1
"677","1021200",8
"678","1028310",1
"679","1029090",1
"680","1031430",1
"681","1041830",3
"682","1047030",1
"683","1047420",1
"684","1047940",1
"685","1050670",1
"686","1050800",2
"687","1053920",1
"688","1054050",1
"689","1060290",3
"690","1064320",1
"691","1064840",1
"692","1077580",18
"693","1150000",621
"694","1200625",1
"695","1201700",1
"696","1204150",1
"697","1205375",1
"698","1207300",13
"699","1207525",1
"700","1207875",3
"701","1207950",12
"702","1208700",1
"703","1210250",1
"704","1210275",3
"705","1211050",1
"706","1211975",1
"707","1212875",6
"708","1212925",2
"709","1213150",4
"710","1213175",2
"711","1213275",1
"712","1214250",4
"713","1214400",1
"714","1215300",2
"715","1216125",1
"716","1216335",1
"717","1216450",4
"718","1216475",14
"719","1216525",5
"720","1216550",1
"721","1216800",3
"722","1216875",4
"723","1217100",3
"724","1217325",2
"725","1217935",3
"726","1218575",1
"727","1220825",1
"728","1222175",1
"729","1222660",1
"730","1224000",26
"731","1224125",23
"732","1224300",2
"733","1224475",4
"734","1224825",4
"735","1224925",2
"736","1225175",23
"737","1225925",1
"738","1227650",1
"739","1228000",1
"740","1228175",1
"741","1228400",1
"742","1230000",2
"743","1230975",1
"744","1232000",2
"745","1232275",2
"746","1233250",2
"747","1233700",1
"748","1235000",39
"749","1235050",2
"750","1235550",2
"751","1235875",6
"752","1235890",2
"753","1236375",1
"754","1236550",4
"755","1236950",3
"756","1237375",1
"757","1237625",3
"758","1237775",2
"759","1238250",7
"760","1239081",2
"761","1239200",1
"762","1239425",4
"763","1239550",2
"764","1239875",1
"765","1239925",2
"766","1241250",1
"767","1241825",1
"768","1242400",1
"769","1242575",1
"770","1243083",2
"771","1243175",1
"772","1243975",4
"773","1245000",70
"774","1245025",2
"775","1245060",1
"776","1245100",3
"777","1245175",1
"778","1245225",1
"779","1245350",1
"780","1245750",2
"781","1245975",3
"782","1247050",3
"783","1247625",13
"784","1248050",2
"785","1248500",7
"786","1248625",4
"787","1248875",1
"788","1249225",1
"789","1249450",1
"790","1249675",1
"791","1250750",8
"792","1251075",1
"793","1251350",1
"794","1251650",1
"795","1252125",4
"796","1253000",61
"797","1253150",34
"798","1253425",1
"799","1253875",5
"800","1254000",2
"801","1254025",8
"802","1254075",3
"803","1254175",2
"804","1254200",2
"805","1254250",2
"806","1254350",2
"807","1254450",2
"808","1254525",2
"809","1254700",8
"810","1254725",2
"811","1255125",1
"812","1255775",3
"813","1255925",20
"814","1257250",1
"815","1257425",1
"816","1257550",2
"817","1258050",2
"818","1258350",4
"819","1258575",1
"820","1258715",2
"821","1259200",3
"822","1259325",1
"823","1259675",1
"824","1260950",2
"825","1260975",3
"826","1261500",1
"827","1261875",1
"828","1262500",15
"829","1262625",1
"830","1263000",49
"831","1263650",5
"832","1264175",20
"833","1264825",1
"834","1264875",4
"835","1267675",1
"836","1268100",1
"837","1268525",1
"838","1268875",7
"839","1269700",1
"840","1270075",1
"841","1270600",54
"842","1270675",1
"843","1271000",76
"844","1271225",3
"845","1271250",1
"846","1271400",1
"847","1271625",4
"848","1271900",2
"849","1274150",5
"850","1274368",2
"851","1275725",1
"852","1275812",4
"853","1275875",1
"854","1276500",2
"855","1276582",2
"856","1276600",28
"857","1277825",1
"858","1278000",1
"859","1278050",4
"860","1278300",1
"861","1279225",1
"862","1300408",2
"863","1301052",3
"864","1301696",3
"865","1302116",3
"866","1303440",62
"867","1304000",101
"868","1304204",23
"869","1304644",3
"870","1304896",1
"871","1308284",1
"872","1308844",1
"873","1310076",1
"874","1311560",6
"875","1311784",2
"876","1312400",2
"877","1312456",1
"878","1312988",2
"879","1313492",3
"880","1313688",2
"881","1314500",1
"882","1316544",1
"883","1316600",1
"884","1316656",1
"885","1316824",1
"886","1317328",1
"887","1319000",12
"888","1319336",2
"889","1320064",5
"890","1320288",1
"891","1320932",5
"892","1321184",1
"893","1321240",1
"894","1321380",5
"895","1322052",11
"896","1322472",1
"897","1323900",1
"898","1324376",1
"899","1324600",3
"900","1324768",1
"901","1328044",4
"902","1328380",1
"903","1330732",1
"904","1331908",9
"905","1332048",1
"906","1335716",1
"907","1337144",1
"908","1337564",2
"909","1338124",1
"910","1338964",1
"911","1341596",1
"912","1341988",1
"913","1342100",1
"914","1342268",1
"915","1342425",2
"916","1342604",3
"917","1343192",4
"918","1343640",1
"919","1344340",7
"920","1345488",2
"921","1346356",1
"922","1346552",1
"923","1347784",1
"924","1347896",1
"925","1348624",5
"926","1349008",16
"927","1349100",6
"928","1349196",1
"929","1349532",1
"930","1349756",14
"931","1350036",1
"932","1351492",2
"933","1351670",1
"934","1352192",1
"935","1353060",5
"936","1355020",20
"937","1355776",1
"938","1357428",1
"939","1359724",2
"940","1360340",1
"941","1362328",1
"942","1363840",1
"943","1365044",1
"944","1365324",4
"945","1365464",1
"946","1366668",10
"947","1368040",1
"948","1368208",1
"949","1368516",3
"950","1369000",32
"951","1371492",5
"952","1373256",4
"953","1373704",2
"954","1373784",1
"955","1373816",10
"956","1374936",6
"957","1375160",1
"958","1376224",6
"959","1376280",2
"960","1377652",1
"961","1378036",1
"962","1378800",9
"963","1380480",1
"964","1380508",6
"965","1380788",2
"966","1380956",1
"967","1380984",1
"968","1383420",1
"969","1384176",4
"970","1508950",1
"971","1509260",1
"972","1511500",1
"973","1512530",1
"974","1514650",38
"975","1520000",1
"976","1522700",5
"977","1523000",3
"978","1523150",1
"979","1528250",1
"980","1528850",2
"981","1530300",2
"982","1536500",1
"983","1541600",4
"984","1545200",5
"985","1551050",1
"986","1553300",1
"987","1553900",1
"988","1559900",1
"989","1571550",34
"990","1578500",1
"991","1606220",1
"992","1608830",190
"993","1612250",3
"994","1616750",24
"995","1622510",1
"996","1628990",3
"997","1634390",4
"998","1639700",8
"999","1643030",4
"1000","1646540",4
"1001","1652120",5
"1002","1654550",11
"1003","1656260",3
"1004","1657250",1
"1005","1661300",1
"1006","1664090",5
"1007","1667420",2
"1008","1672100",8
"1009","1682810",6
"1010","1684250",1
"1011","1700685",3
"1012","1701114",3
"1013","1701543",1
"1014","1701595",1
"1015","1702154",4
"1016","1703012",4
"1017","1703844",4
"1018","1704078",2
"1019","1704351",1
"1020","1704403",2
"1021","1704845",9
"1022","1705300",1
"1023","1705573",1
"1024","1706613",9
"1025","1707133",1
"1026","1707744",1
"1027","1709447",3
"1028","1710110",1
"1029","1710487",1
"1030","1711163",12
"1031","1711332",1
"1032","1711514",1
"1033","1712164",1
"1034","1712385",15
"1035","1712567",2
"1036","1712931",1
"1037","1714000",240
"1038","1714351",2
"1039","1715599",1
"1040","1715833",1
"1041","1717887",8
"1042","1718563",2
"1043","1718823",12
"1044","1718992",6
"1045","1719161",8
"1046","1719642",2
"1047","1720162",1
"1048","1720591",2
"1049","1721267",2
"1050","1722073",1
"1051","1722255",1
"1052","1722697",5
"1053","1722736",3
"1054","1722931",1
"1055","1723074",9
"1056","1723256",2
"1057","1723620",3
"1058","1724582",30
"1059","1724608",5
"1060","1724634",1
"1061","1726454",1
"1062","1726571",1
"1063","1727806",1
"1064","1727884",4
"1065","1728326",3
"1066","1728872",2
"1067","1728963",1
"1068","1729080",1
"1069","1729125",1
"1070","1729756",2
"1071","1729938",5
"1072","1731121",1
"1073","1732499",1
"1074","1732746",1
"1075","1733136",1
"1076","1734358",2
"1077","1734670",4
"1078","1734722",2
"1079","1735307",2
"1080","1735879",1
"1081","1736750",1
"1082","1737907",1
"1083","1738115",2
"1084","1738414",1
"1085","1738570",18
"1086","1738934",1
"1087","1739727",2
"1088","1740767",3
"1089","1741105",4
"1090","1742184",2
"1091","1743250",2
"1092","1743536",2
"1093","1743666",1
"1094","1743939",1
"1095","1745031",1
"1096","1745694",1
"1097","1745889",3
"1098","1746136",1
"1099","1746916",4
"1100","1747150",1
"1101","1747423",1
"1102","1747540",1
"1103","1747553",1
"1104","1747774",2
"1105","1748645",1
"1106","1749607",1
"1107","1749867",31
"1108","1749945",1
"1109","1750010",1
"1110","1750244",1
"1111","1750491",3
"1112","1750621",3
"1113","1750647",1
"1114","1751089",1
"1115","1751180",1
"1116","1751349",1
"1117","1751453",1
"1118","1751622",8
"1119","1752116",1
"1120","1752584",1
"1121","1753000",1
"1122","1753234",6
"1123","1753442",1
"1124","1753481",4
"1125","1754820",3
"1126","1754885",5
"1127","1755249",1
"1128","1756484",1
"1129","1756640",3
"1130","1756887",2
"1131","1756926",3
"1132","1757225",6
"1133","1757381",1
"1134","1757875",6
"1135","1758447",3
"1136","1759000",49
"1137","1759884",1
"1138","1760287",3
"1139","1761015",1
"1140","1761899",1
"1141","1762211",1
"1142","1762367",4
"1143","1762783",1
"1144","1764421",1
"1145","1765000",127
"1146","1765078",4
"1147","1765819",1
"1148","1766703",4
"1149","1767132",31
"1150","1767548",1
"1151","1768003",7
"1152","1770122",1
"1153","1770590",3
"1154","1771448",1
"1155","1772000",13
"1156","1772546",1
"1157","1773170",1
"1158","1773391",1
"1159","1774119",1
"1160","1774574",2
"1161","1775484",1
"1162","1775614",1
"1163","1776407",3
"1164","1777005",4
"1165","1777551",1
"1166","1777694",2
"1167","1777993",1
"1168","1779150",1
"1169","1779293",8
"1170","1781048",1
"1171","1782075",3
"1172","1782530",1
"1173","1783349",9
"1174","1800820",1
"1175","1800910",2
"1176","1801468",9
"1177","1801666",1
"1178","1802674",4
"1179","1804114",3
"1180","1805860",21
"1181","1810342",3
"1182","1812628",1
"1183","1812934",2
"1184","1814734",5
"1185","1814932",1
"1186","1815256",1
"1187","1815742",3
"1188","1816138",3
"1189","1819270",1
"1190","1819486",2
"1191","1820728",4
"1192","1822000",15
"1193","1823278",1
"1194","1825000",27
"1195","1825702",1
"1196","1827000",4
"1197","1828386",15
"1198","1829358",1
"1199","1829520",4
"1200","1829898",2
"1201","1830042",2
"1202","1831000",3
"1203","1833142",1
"1204","1833466",2
"1205","1834114",3
"1206","1835302",2
"1207","1836003",48
"1208","1837782",3
"1209","1838358",6
"1210","1840392",4
"1211","1840788",8
"1212","1841535",2
"1213","1842246",2
"1214","1842426",2
"1215","1842462",2
"1216","1845144",1
"1217","1845990",1
"1218","1846908",3
"1219","1847448",4
"1220","1848528",2
"1221","1848798",1
"1222","1848924",1
"1223","1849932",7
"1224","1850202",1
"1225","1850976",1
"1226","1851732",1
"1227","1851876",11
"1228","1851912",2
"1229","1852038",1
"1230","1852326",2
"1231","1854180",2
"1232","1857780",2
"1233","1858662",1
"1234","1859328",1
"1235","1860822",2
"1236","1861092",3
"1237","1861236",2
"1238","1862046",1
"1239","1864260",6
"1240","1866438",1
"1241","1866852",3
"1242","1868220",2
"1243","1868832",3
"1244","1869318",1
"1245","1871000",19
"1246","1875428",18
"1247","1878326",6
"1248","1879208",1
"1249","1879370",1
"1250","1880306",2
"1251","1880504",1
"1252","1882376",1
"1253","1882862",3
"1254","1884014",1
"1255","1886084",1
"1256","1886372",2
"1257","1901135",1
"1258","1901855",6
"1259","1902305",2
"1260","1903520",1
"1261","1906355",3
"1262","1907480",2
"1263","1909550",1
"1264","1911215",2
"1265","1911755",4
"1266","1912000",16
"1267","1912270",1
"1268","1912765",1
"1269","1914430",1
"1270","1916230",3
"1271","1916860",1
"1272","1917220",1
"1273","1919000",9
"1274","1919405",3
"1275","1919945",1
"1276","1921000",61
"1277","1922395",9
"1278","1926445",2
"1279","1928380",1
"1280","1928515",2
"1281","1932790",1
"1282","1933105",1
"1283","1933195",1
"1284","1938280",1
"1285","1938595",58
"1286","1940845",2
"1287","1942015",1
"1288","1944400",2
"1289","1949215",1
"1290","1949485",2
"1291","1949755",1
"1292","1950160",3
"1293","1954840",1
"1294","1955110",1
"1295","1956505",2
"1296","1957675",2
"1297","1959925",1
"1298","1960465",2
"1299","1973335",9
"1300","1974280",1
"1301","1975630",2
"1302","1975675",1
"1303","1982200",1
"1304","1982425",10
"1305","1984900",1
"1306","2000125",1
"1307","2002900",1
"1308","2009000",1
"1309","2010600",1
"1310","2014600",1
"1311","2017800",2
"1312","2018250",1
"1313","2020075",1
"1314","2021275",2
"1315","2025325",1
"1316","2025425",2
"1317","2028300",1
"1318","2030825",1
"1319","2031100",2
"1320","2033625",5
"1321","2035750",2
"1322","2036000",9
"1323","2038900",12
"1324","2039000",2
"1325","2039075",1
"1326","2039350",1
"1327","2039825",3
"1328","2043150",1
"1329","2043950",1
"1330","2044250",11
"1331","2050475",1
"1332","2052575",6
"1333","2053725",1
"1334","2053775",34
"1335","2054675",1
"1336","2056025",3
"1337","2057575",1
"1338","2057625",1
"1339","2062700",1
"1340","2068200",1
"1341","2070075",1
"1342","2071000",21
"1343","2073250",1
"1344","2076475",1
"1345","2079000",22
"1346","2079950",5
"1347","2102368",3
"1348","2103574",1
"1349","2103628",1
"1350","2105824",3
"1351","2105842",6
"1352","2108902",17
"1353","2111278",1
"1354","2111692",1
"1355","2117362",3
"1356","2117848",2
"1357","2119882",3
"1358","2123824",1
"1359","2124274",2
"1360","2124778",1
"1361","2125300",1
"1362","2127982",1
"1363","2128558",1
"1364","2128612",1
"1365","2128900",18
"1366","2128918",1
"1367","2130700",2
"1368","2131114",1
"1369","2132572",5
"1370","2133022",1
"1371","2134732",1
"1372","2134966",1
"1373","2135362",1
"1374","2135866",4
"1375","2137918",4
"1376","2138908",1
"1377","2139430",1
"1378","2140222",1
"1379","2143480",1
"1380","2144686",1
"1381","2146027",38
"1382","2147476",2
"1383","2148000",109
"1384","2149116",1
"1385","2149368",3
"1386","2151024",1
"1387","2153418",1
"1388","2154084",1
"1389","2154642",7
"1390","2155884",1
"1391","2156136",1
"1392","2157090",1
"1393","2158620",10
"1394","2158836",11
"1395","2158962",1
"1396","2160852",2
"1397","2162940",1
"1398","2163138",1
"1399","2165226",5
"1400","2167512",2
"1401","2167944",1
"1402","2170050",1
"1403","2171688",3
"1404","2179482",2
"1405","2180490",1
"1406","2182776",2
"1407","2183676",3
"1408","2200100",1
"1409","2200975",4
"1410","2203985",1
"1411","2204020",2
"1412","2205000",26
"1413","2206120",1
"1414","2208920",2
"1415","2218125",2
"1416","2218650",2
"1417","2220435",2
"1418","2220610",1
"1419","2226280",1
"1420","2227155",1
"1421","2229150",1
"1422","2229850",3
"1423","2232755",1
"1424","2233245",3
"1425","2233420",1
"1426","2236255",3
"1427","2240735",16
"1428","2240840",1
"1429","2241050",1
"1430","2241155",6
"1431","2242030",1
"1432","2243010",1
"1433","2248365",1
"1434","2248785",1
"1435","2250115",1
"1436","2250885",2
"1437","2251410",2
"1438","2252075",1
"1439","2253545",1
"1440","2254035",1
"1441","2255000",41
"1442","2257450",1
"1443","2258045",2
"1444","2260495",3
"1445","2261790",1
"1446","2266655",1
"1447","2267215",2
"1448","2267600",2
"1449","2270000",18
"1450","2270805",2
"1451","2274690",1
"1452","2275425",1
"1453","2279240",1
"1454","2279870",1
"1455","2282460",1
"1456","2282495",1
"1457","2283405",1
"1458","2302060",4
"1459","2302100",11
"1460","2302795",15
"1461","2302830",4
"1462","2303355",9
"1463","2303950",38
"1464","2304790",2
"1465","2306925",4
"1466","2307135",1
"1467","2308395",3
"1468","2308780",18
"1469","2309690",4
"1470","2310320",2
"1471","2310565",2
"1472","2312770",1
"1473","2315500",1
"1474","2316200",1
"1475","2318230",1
"1476","2321730",2
"1477","2323200",4
"1478","2324285",1
"1479","2324740",31
"1480","2325720",1
"1481","2326875",1
"1482","2328205",1
"1483","2330060",1
"1484","2330760",3
"1485","2333945",2
"1486","2336500",3
"1487","2338740",7
"1488","2341575",6
"1489","2341925",1
"1490","2342485",1
"1491","2342625",1
"1492","2348050",1
"1493","2348610",3
"1494","2351095",1
"1495","2353965",2
"1496","2354490",1
"1497","2355225",1
"1498","2355575",3
"1499","2360545",33
"1500","2360825",4
"1501","2363590",6
"1502","2364675",1
"1503","2365725",2
"1504","2368875",1
"1505","2371780",2
"1506","2371990",2
"1507","2376925",1
"1508","2380740",3
"1509","2386480",1
"1510","2386935",5
"1511","2387040",2
"1512","2400225",1
"1513","2401600",24
"1514","2401975",1
"1515","2404000",114
"1516","2405550",6
"1517","2406800",1
"1518","2407125",21
"1519","2408775",1
"1520","2411750",1
"1521","2412400",4
"1522","2413000",1
"1523","2414125",1
"1524","2415925",1
"1525","2416225",2
"1526","2416787",2
"1527","2417900",2
"1528","2418250",2
"1529","2418750",3
"1530","2419125",3
"1531","2420875",3
"1532","2421325",6
"1533","2421475",1
"1534","2422050",1
"1535","2422725",1
"1536","2423975",1
"1537","2424475",4
"1538","2425050",1
"1539","2425150",1
"1540","2425750",1
"1541","2425800",9
"1542","2426000",5
"1543","2427700",1
"1544","2429000",1
"1545","2429400",1
"1546","2429525",1
"1547","2430325",17
"1548","2430900",5
"1549","2431175",4
"1550","2432025",2
"1551","2432500",1
"1552","2434525",1
"1553","2434550",1
"1554","2436075",4
"1555","2437600",1
"1556","2441250",2
"1557","2442875",1
"1558","2445325",2
"1559","2445750",1
"1560","2445900",1
"1561","2446475",1
"1562","2449950",1
"1563","2451075",1
"1564","2452300",2
"1565","2453875",1
"1566","2455018",1
"1567","2456375",1
"1568","2456450",3
"1569","2457650",2
"1570","2458225",3
"1571","2458300",1
"1572","2458900",5
"1573","2460975",1
"1574","2462475",1
"1575","2463300",1
"1576","2463950",1
"1577","2465600",3
"1578","2466275",1
"1579","2466635",1
"1580","2466762",1
"1581","2467400",1
"1582","2467675",5
"1583","2469925",4
"1584","2471200",8
"1585","2471450",1
"1586","2472450",8
"1587","2475025",1
"1588","2476550",4
"1589","2476650",3
"1590","2476725",1
"1591","2477262",2
"1592","2478050",2
"1593","2478425",11
"1594","2479350",1
"1595","2479900",1
"1596","2483100",12
"1597","2484350",1
"1598","2500135",5
"1599","2501260",4
"1600","2501370",38
"1601","2501430",7
"1602","2501640",8
"1603","2502515",3
"1604","2502690",3
"1605","2503690",11
"1606","2504790",1
"1607","2505105",2
"1608","2505595",8
"1609","2507000",150
"1610","2507140",2
"1611","2507385",1
"1612","2507740",1
"1613","2508130",5
"1614","2509000",12
"1615","2509070",1
"1616","2509210",8
"1617","2509875",2
"1618","2510015",1
"1619","2511000",23
"1620","2512960",2
"1621","2513205",1
"1622","2513450",1
"1623","2513660",3
"1624","2514430",2
"1625","2516285",3
"1626","2518875",2
"1627","2518980",1
"1628","2519370",1
"1629","2521815",1
"1630","2521990",2
"1631","2523000",9
"1632","2523070",6
"1633","2523875",1
"1634","2524855",2
"1635","2524960",15
"1636","2525172",2
"1637","2525485",1
"1638","2526150",6
"1639","2526500",3
"1640","2526780",5
"1641","2527060",42
"1642","2529090",1
"1643","2529405",13
"1644","2530175",5
"1645","2530420",1
"1646","2530840",6
"1647","2530980",1
"1648","2531050",2
"1649","2532275",1
"1650","2534550",5
"1651","2535075",2
"1652","2535250",4
"1653","2536020",3
"1654","2536335",31
"1655","2537000",10
"1656","2537385",2
"1657","2537490",9
"1658","2537595",3
"1659","2537875",4
"1660","2538230",4
"1661","2538435",2
"1662","2538575",1
"1663","2538715",1
"1664","2538820",3
"1665","2538960",1
"1666","2539485",2
"1667","2539660",3
"1668","2539835",3
"1669","2540710",2
"1670","2540885",1
"1671","2541200",2
"1672","2541410",1
"1673","2541725",4
"1674","2542180",1
"1675","2543755",3
"1676","2545000",8
"1677","2545245",6
"1678","2545560",6
"1679","2546225",3
"1680","2546330",17
"1681","2547590",2
"1682","2548710",1
"1683","2549165",2
"1684","2550005",4
"1685","2550425",1
"1686","2551230",1
"1687","2551405",2
"1688","2551790",2
"1689","2552144",2
"1690","2552490",2
"1691","2553680",2
"1692","2553960",8
"1693","2554275",6
"1694","2554450",1
"1695","2555535",2
"1696","2555745",8
"1697","2556000",2
"1698","2556165",1
"1699","2556585",2
"1700","2557845",1
"1701","2559105",7
"1702","2559700",2
"1703","2560050",3
"1704","2560295",3
"1705","2560820",2
"1706","2561205",2
"1707","2562300",3
"1708","2562465",2
"1709","2562535",2
"1710","2563345",1
"1711","2563620",2
"1712","2567000",20
"1713","2567700",1
"1714","2568120",1
"1715","2568680",43
"1716","2569170",8
"1717","2570815",2
"1718","2571445",1
"1719","2571970",6
"1720","2572460",3
"1721","2572600",3
"1722","2572845",1
"1723","2573020",1
"1724","2573440",1
"1725","2573930",1
"1726","2574210",35
"1727","2575050",6
"1728","2575680",6
"1729","2576030",5
"1730","2577890",2
"1731","2578410",1
"1732","2578972",2
"1733","2579705",1
"1734","2579950",4
"1735","2580195",2
"1736","2580370",1
"1737","2580545",1
"1738","2581005",1
"1739","2581035",1
"1740","2582000",21
"1741","2600440",6
"1742","2600980",1
"1743","2601180",2
"1744","2601260",1
"1745","2601340",8
"1746","2601380",1
"1747","2601740",7
"1748","2603000",74
"1749","2603300",1
"1750","2604105",1
"1751","2604740",2
"1752","2605920",4
"1753","2606020",4
"1754","2606660",1
"1755","2606820",1
"1756","2606880",1
"1757","2607020",1
"1758","2607520",3
"1759","2607860",1
"1760","2608160",1
"1761","2608300",2
"1762","2608640",4
"1763","2609000",1
"1764","2609180",2
"1765","2609560",2
"1766","2610580",1
"1767","2610620",2
"1768","2612320",4
"1769","2612580",2
"1770","2613220",1
"1771","2613420",1
"1772","2614780",3
"1773","2614900",1
"1774","2615000",2
"1775","2615020",2
"1776","2617020",2
"1777","2619880",1
"1778","2621000",2
"1779","2621560",1
"1780","2622000",176
"1781","2623980",1
"1782","2624120",8
"1783","2624290",3
"1784","2624420",2
"1785","2624540",1
"1786","2625780",1
"1787","2626360",1
"1788","2627380",1
"1789","2627880",4
"1790","2629000",9
"1791","2629200",1
"1792","2629580",1
"1793","2630200",1
"1794","2631720",1
"1795","2632320",1
"1796","2633280",1
"1797","2634000",31
"1798","2634160",1
"1799","2635100",1
"1800","2635480",2
"1801","2635580",1
"1802","2636280",2
"1803","2636300",5
"1804","2636700",1
"1805","2636860",2
"1806","2636920",1
"1807","2637120",1
"1808","2638180",1
"1809","2638460",2
"1810","2638640",7
"1811","2639360",5
"1812","2639540",4
"1813","2639720",2
"1814","2640000",1
"1815","2640860",1
"1816","2640960",1
"1817","2641060",2
"1818","2641420",4
"1819","2641680",1
"1820","2642160",24
"1821","2644940",1
"1822","2645420",1
"1823","2646000",73
"1824","2646040",3
"1825","2647800",1
"1826","2649000",7
"1827","2649640",1
"1828","2650280",1
"1829","2650720",1
"1830","2650760",2
"1831","2650830",1
"1832","2650920",1
"1833","2651600",1
"1834","2651900",13
"1835","2651940",2
"1836","2652440",1
"1837","2653020",1
"1838","2653780",5
"1839","2653960",1
"1840","2655020",4
"1841","2655100",1
"1842","2655820",8
"1843","2656020",4
"1844","2656320",10
"1845","2657080",1
"1846","2657140",1
"1847","2657380",2
"1848","2657760",1
"1849","2659440",1
"1850","2659920",2
"1851","2660640",1
"1852","2661020",4
"1853","2661220",1
"1854","2661940",1
"1855","2662020",2
"1856","2662980",1
"1857","2663540",1
"1858","2663820",7
"1859","2664140",2
"1860","2665060",7
"1861","2665440",8
"1862","2665560",3
"1863","2665800",1
"1864","2665820",4
"1865","2668880",2
"1866","2669020",3
"1867","2669035",4
"1868","2669080",2
"1869","2669400",2
"1870","2669420",1
"1871","2669800",1
"1872","2670040",4
"1873","2670520",7
"1874","2670760",5
"1875","2670960",4
"1876","2671000",1
"1877","2671740",2
"1878","2671860",1
"1879","2672840",3
"1880","2674900",5
"1881","2674960",1
"1882","2675100",1
"1883","2676460",1
"1884","2676960",2
"1885","2677700",1
"1886","2677860",1
"1887","2679000",3
"1888","2679120",2
"1889","2679760",2
"1890","2680340",10
"1891","2680420",3
"1892","2680700",4
"1893","2681540",11
"1894","2681680",1
"1895","2681840",1
"1896","2682300",1
"1897","2682450",3
"1898","2682453",1
"1899","2682960",1
"1900","2684000",7
"1901","2684360",1
"1902","2686000",1
"1903","2688380",1
"1904","2688900",1
"1905","2689140",5
"1906","2689320",2
"1907","2700694",2
"1908","2700928",2
"1909","2701720",2
"1910","2701900",1
"1911","2703124",2
"1912","2704618",2
"1913","2705068",9
"1914","2705752",1
"1915","2706382",3
"1916","2706616",3
"1917","2707300",5
"1918","2707948",1
"1919","2708452",2
"1920","2709370",1
"1921","2710972",1
"1922","2711386",2
"1923","2713006",1
"1924","2713456",1
"1925","2715832",1
"1926","2717000",24
"1927","2717288",1
"1928","2717612",1
"1929","2718188",2
"1930","2718674",1
"1931","2719142",1
"1932","2720546",1
"1933","2720906",1
"1934","2721770",1
"1935","2722814",1
"1936","2724308",1
"1937","2724992",4
"1938","2728682",1
"1939","2728790",3
"1940","2730140",1
"1941","2730392",1
"1942","2737304",1
"1943","2739878",41
"1944","2740382",1
"1945","2740688",2
"1946","2743000",119
"1947","2743252",3
"1948","2743720",1
"1949","2743774",1
"1950","2743864",3
"1951","2744818",1
"1952","2744980",1
"1953","2745682",2
"1954","2746924",2
"1955","2747680",2
"1956","2748760",1
"1957","2749300",1
"1958","2749498",4
"1959","2749768",4
"1960","2751064",1
"1961","2751136",1
"1962","2751730",1
"1963","2752630",1
"1964","2753620",2
"1965","2754214",1
"1966","2754880",7
"1967","2755726",1
"1968","2755852",2
"1969","2756680",1
"1970","2756770",1
"1971","2756896",12
"1972","2757220",1
"1973","2758000",82
"1974","2758036",2
"1975","2759350",3
"1976","2759998",1
"1977","2762824",3
"1978","2767288",5
"1979","2767612",1
"1980","2768080",1
"1981","2769700",2
"1982","2770420",4
"1983","2771032",4
"1984","2771428",1
"1985","2771734",1
"1986","2801260",1
"1987","2803980",1
"1988","2806220",6
"1989","2808300",1
"1990","2810060",1
"1991","2813820",1
"1992","2814260",1
"1993","2815340",5
"1994","2815380",3
"1995","2829180",2
"1996","2829340",1
"1997","2829700",10
"1998","2831020",9
"1999","2831780",2
"2000","2833100",1
"2001","2834740",2
"2002","2835260",1
"2003","2836000",18
"2004","2839640",3
"2005","2844520",1
"2006","2846640",3
"2007","2850440",1
"2008","2851000",1
"2009","2853080",1
"2010","2853520",1
"2011","2854840",7
"2012","2855360",1
"2013","2856800",3
"2014","2860720",1
"2015","2870240",3
"2016","2874840",3
"2017","2876720",1
"2018","2881520",1
"2019","2901972",1
"2020","2902638",1
"2021","2904798",1
"2022","2906652",1
"2023","2907318",1
"2024","2907966",7
"2025","2908236",1
"2026","2908650",1
"2027","2910810",3
"2028","2911134",1
"2029","2911242",6
"2030","2911656",1
"2031","2913600",5
"2032","2914572",11
"2033","2915670",21
"2034","2917272",3
"2035","2919630",1
"2036","2919828",2
"2037","2922834",2
"2038","2923752",1
"2039","2923986",7
"2040","2924094",1
"2041","2924778",9
"2042","2926110",1
"2043","2926182",3
"2044","2927334",1
"2045","2928324",1
"2046","2930214",3
"2047","2931276",1
"2048","2931708",1
"2049","2932248",3
"2050","2935000",1
"2051","2937000",15
"2052","2937592",11
"2053","2938000",108
"2054","2939026",2
"2055","2939044",4
"2056","2939656",1
"2057","2941348",2
"2058","2944174",1
"2059","2946316",1
"2060","2946640",1
"2061","2947648",2
"2062","2949034",1
"2063","2949196",1
"2064","2950672",1
"2065","2951572",1
"2066","2951644",1
"2067","2954038",1
"2068","2954074",1
"2069","2956288",1
"2070","2957116",2
"2071","2959096",1
"2072","2962912",2
"2073","2964082",11
"2074","2964550",4
"2075","2965000",62
"2076","2965126",1
"2077","2966440",1
"2078","2967790",1
"2079","2970000",20
"2080","2970828",1
"2081","2973942",2
"2082","2974626",1
"2083","2975220",1
"2084","2977092",1
"2085","2977416",1
"2086","2977992",1
"2087","2978154",1
"2088","2978928",2
"2089","3002425",1
"2090","3004975",2
"2091","3006550",10
"2092","3008950",33
"2093","3011397",1
"2094","3029875",1
"2095","3029950",1
"2096","3032800",7
"2097","3033775",4
"2098","3035050",1
"2099","3035600",13
"2100","3040075",5
"2101","3041950",1
"2102","3043375",1
"2103","3043450",3
"2104","3043975",1
"2105","3050200",24
"2106","3056350",1
"2107","3058750",1
"2108","3061525",2
"2109","3079825",11
"2110","3079900",1
"2111","3102655",2
"2112","3103390",1
"2113","3103950",1
"2114","3108605",2
"2115","3110110",1
"2116","3117670",3
"2117","3119595",4
"2118","3121345",1
"2119","3121415",1
"2120","3125055",1
"2121","3128000",22
"2122","3129925",1
"2123","3133705",1
"2124","3134615",2
"2125","3135000",1
"2126","3137000",42
"2127","3138295",2
"2128","3144245",1
"2129","3145295",2
"2130","3153275",1
"2131","3204100",1
"2132","3205700",1
"2133","3206500",3
"2134","3209700",20
"2135","3222500",6
"2136","3224100",2
"2137","3224900",1
"2138","3231900",3
"2139","3240000",71
"2140","3247000",3
"2141","3247880",1
"2142","3251800",5
"2143","3253800",7
"2144","3260600",18
"2145","3268400",4
"2146","3284600",1
"2147","3285400",1
"2148","3300980",1
"2149","3301620",2
"2150","3305140",1
"2151","3307620",1
"2152","3308900",1
"2153","3310900",1
"2154","3312900",1
"2155","3314200",15
"2156","3314580",4
"2157","3317860",2
"2158","3318820",2
"2159","3319620",1
"2160","3321780",1
"2161","3325300",2
"2162","3330180",1
"2163","3331860",2
"2164","3332980",2
"2165","3333780",6
"2166","3336020",1
"2167","3338420",5
"2168","3339300",11
"2169","3340180",7
"2170","3341300",5
"2171","3342500",1
"2172","3343140",5
"2173","3345140",14
"2174","3347940",1
"2175","3350260",7
"2176","3351300",5
"2177","3352500",1
"2178","3353860",6
"2179","3360500",8
"2180","3362580",1
"2181","3362900",11
"2182","3365140",2
"2183","3367460",1
"2184","3385140",1
"2185","3386340",1
"2186","3401330",1
"2187","3401900",1
"2188","3401960",5
"2189","3402080",5
"2190","3402320",1
"2191","3403340",2
"2192","3403580",1
"2193","3404180",1
"2194","3404420",11
"2195","3404600",5
"2196","3404990",1
"2197","3405590",2
"2198","3405740",3
"2199","3406490",37
"2200","3406610",2
"2201","3406970",1
"2202","3407300",1
"2203","3407600",2
"2204","3408110",5
"2205","3408140",1
"2206","3408455",1
"2207","3409170",3
"2208","3409250",1
"2209","3410000",3
"2210","3410270",2
"2211","3410300",1
"2212","3410480",1
"2213","3413690",1
"2214","3413720",1
"2215","3413810",1
"2216","3414260",2
"2217","3415520",1
"2218","3415638",2
"2219","3415910",1
"2220","3417530",2
"2221","3418070",2
"2222","3419390",2
"2223","3421000",2
"2224","3421480",7
"2225","3422470",4
"2226","3422860",5
"2227","3423640",1
"2228","3423700",4
"2229","3424930",1
"2230","3424990",1
"2231","3425050",5
"2232","3426070",1
"2233","3426340",2
"2234","3426610",2
"2235","3426820",1
"2236","3426902",3
"2237","3427030",2
"2238","3427840",1
"2239","3428650",2
"2240","3428680",37
"2241","3428710",1
"2242","3428770",1
"2243","3430420",1
"2244","3430570",1
"2245","3431110",1
"2246","3431470",4
"2247","3431620",3
"2248","3431880",1
"2249","3432250",2
"2250","3432424",1
"2251","3432910",2
"2252","3433150",1
"2253","3434890",1
"2254","3436000",52
"2255","3436480",1
"2256","3436484",1
"2257","3436510",1
"2258","3437110",1
"2259","3437770",1
"2260","3438040",2
"2261","3438580",2
"2262","3438610",2
"2263","3439910",1
"2264","3440020",1
"2265","3440290",3
"2266","3440350",1
"2267","3440990",1
"2268","3441100",1
"2269","3441310",4
"2270","3442180",1
"2271","3442510",1
"2272","3442930",2
"2273","3444520",1
"2274","3445510",1
"2275","3445690",2
"2276","3445900",1
"2277","3446680",1
"2278","3447190",2
"2279","3447895",2
"2280","3448210",2
"2281","3448300",7
"2282","3448510",1
"2283","3449920",1
"2284","3451000",19
"2285","3451210",5
"2286","3451810",2
"2287","3451930",9
"2288","3452320",1
"2289","3452950",3
"2290","3453280",1
"2291","3453790",2
"2292","3454315",1
"2293","3454360",1
"2294","3454480",1
"2295","3454690",2
"2296","3455950",3
"2297","3456430",6
"2298","3457000",4
"2299","3457600",1
"2300","3458200",3
"2301","3458350",1
"2302","3459070",2
"2303","3459190",2
"2304","3459880",2
"2305","3459910",2
"2306","3460900",4
"2307","3461530",1
"2308","3461560",2
"2309","3462430",2
"2310","3462940",2
"2311","3463000",6
"2312","3463180",1
"2313","3464050",1
"2314","3464590",2
"2315","3464620",1
"2316","3465280",1
"2317","3465790",1
"2318","3466450",2
"2319","3466480",1
"2320","3466570",1
"2321","3466750",1
"2322","3466840",1
"2323","3467110",1
"2324","3467320",1
"2325","3467350",1
"2326","3468430",1
"2327","3468460",6
"2328","3468550",1
"2329","3469420",2
"2330","3469510",1
"2331","3470980",1
"2332","3470984",3
"2333","3471430",3
"2334","3473110",2
"2335","3474000",14
"2336","3474478",2
"2337","3474540",2
"2338","3475020",13
"2339","3475590",3
"2340","3475745",1
"2341","3475750",1
"2342","3476040",1
"2343","3476070",1
"2344","3476107",1
"2345","3477270",1
"2346","3477600",1
"2347","3479040",4
"2348","3479100",3
"2349","3479610",1
"2350","3480630",1
"2351","3481170",2
"2352","3481950",1
"2353","3482120",1
"2354","3482300",1
"2355","3501780",3
"2356","3502000",44
"2357","3502070",1
"2358","3505220",1
"2359","3505780",1
"2360","3506480",1
"2361","3512150",6
"2362","3516280",3
"2363","3516420",2
"2364","3516490",1
"2365","3520270",2
"2366","3525170",2
"2367","3525800",10
"2368","3528460",3
"2369","3530490",2
"2370","3539380",13
"2371","3542320",3
"2372","3542600",1
"2373","3546310",1
"2374","3555550",1
"2375","3559260",3
"2376","3562200",1
"2377","3563460",6
"2378","3564930",8
"2379","3565210",2
"2380","3570500",28
"2381","3572770",2
"2382","3573260",4
"2383","3573540",1
"2384","3576200",4
"2385","3579840",1
"2386","3585720",1
"2387","3601000",66
"2388","3601033",2
"2389","3601517",1
"2390","3601682",1
"2391","3602044",1
"2392","3602066",1
"2393","3602506",1
"2394","3603078",3
"2395","3603353",1
"2396","3603408",2
"2397","3604033",2
"2398","3604198",1
"2399","3604253",1
"2400","3604715",2
"2401","3604935",3
"2402","3605100",8
"2403","3605771",3
"2404","3606387",2
"2405","3606607",12
"2406","3607157",1
"2407","3608026",3
"2408","3608059",1
"2409","3608070",2
"2410","3608136",1
"2411","3608257",1
"2412","3608466",2
"2413","3608532",1
"2414","3611000",94
"2415","3611638",1
"2416","3611704",1
"2417","3611748",2
"2418","3611825",2
"2419","3612111",1
"2420","3612144",3
"2421","3612188",1
"2422","3612331",2
"2423","3612353",1
"2424","3612518",2
"2425","3613002",2
"2426","3613145",1
"2427","3613233",1
"2428","3613805",1
"2429","3615242",3
"2430","3616050",1
"2431","3616322",3
"2432","3616419",1
"2433","3616628",4
"2434","3616749",1
"2435","3617530",5
"2436","3618047",1
"2437","3618256",2
"2438","3618388",2
"2439","3618542",1
"2440","3618718",2
"2441","3619092",1
"2442","3619213",1
"2443","3619356",1
"2444","3619664",1
"2445","3619972",1
"2446","3620126",4
"2447","3620467",2
"2448","3620698",3
"2449","3620731",1
"2450","3621105",2
"2451","3621809",1
"2452","3622183",1
"2453","3622502",9
"2454","3622557",1
"2455","3622612",2
"2456","3622865",2
"2457","3622964",33
"2458","3623701",3
"2459","3623822",2
"2460","3624229",6
"2461","3624515",3
"2462","3625076",2
"2463","3625384",1
"2464","3626264",1
"2465","3626352",1
"2466","3626770",2
"2467","3626924",2
"2468","3627221",1
"2469","3627309",2
"2470","3627331",1
"2471","3627419",2
"2472","3627452",2
"2473","3627485",3
"2474","3627815",1
"2475","3628178",1
"2476","3628618",3
"2477","3628640",3
"2478","3628860",1
"2479","3629113",2
"2480","3629333",6
"2481","3629338",1
"2482","3629443",1
"2483","3629542",4
"2484","3629630",1
"2485","3629894",1
"2486","3630191",1
"2487","3630279",1
"2488","3630543",1
"2489","3630576",1
"2490","3630609",1
"2491","3630675",32
"2492","3631643",3
"2493","3631709",3
"2494","3631852",1
"2495","3631896",1
"2496","3632391",1
"2497","3632732",4
"2498","3632754",1
"2499","3633139",3
"2500","3634286",3
"2501","3634374",2
"2502","3634495",2
"2503","3634847",1
"2504","3635276",2
"2505","3635474",1
"2506","3635672",2
"2507","3635969",5
"2508","3635980",2
"2509","3636233",2
"2510","3637044",2
"2511","3637275",4
"2512","3637869",1
"2513","3638077",75
"2514","3638264",2
"2515","3638539",1
"2516","3638946",1
"2517","3639562",4
"2518","3639727",8
"2519","3640508",1
"2520","3640761",1
"2521","3641553",1
"2522","3642026",1
"2523","3642081",2
"2524","3642554",1
"2525","3642928",3
"2526","3643082",2
"2527","3643335",3
"2528","3643566",3
"2529","3643720",2
"2530","3643874",2
"2531","3643962",1
"2532","3644149",1
"2533","3644534",1
"2534","3644787",2
"2535","3644831",1
"2536","3644853",1
"2537","3645018",1
"2538","3645986",1
"2539","3645997",1
"2540","3646019",3
"2541","3646085",2
"2542","3646360",1
"2543","3646668",5
"2544","3647042",1
"2545","3647361",3
"2546","3647482",1
"2547","3647636",7
"2548","3647988",3
"2549","3648142",3
"2550","3648175",4
"2551","3649121",5
"2552","3649407",1
"2553","3649429",2
"2554","3649473",6
"2555","3649506",1
"2556","3650034",7
"2557","3650100",2
"2558","3650298",1
"2559","3650551",2
"2560","3650617",9
"2561","3651000",1526
"2562","3651055",5
"2563","3651110",1
"2564","3651262",1
"2565","3651528",1
"2566","3653396",1
"2567","3653770",2
"2568","3653979",2
"2569","3654100",3
"2570","3654430",1
"2571","3654441",2
"2572","3654485",4
"2573","3654716",3
"2574","3654837",1
"2575","3654881",1
"2576","3655266",2
"2577","3655530",3
"2578","3655574",3
"2579","3655882",1
"2580","3655992",1
"2581","3656902",1
"2582","3656968",1
"2583","3656979",3
"2584","3657001",1
"2585","3657177",1
"2586","3658354",1
"2587","3658442",1
"2588","3658574",11
"2589","3658684",2
"2590","3659223",2
"2591","3659355",2
"2592","3659377",2
"2593","3659388",1
"2594","3659564",7
"2595","3659641",12
"2596","3660895",1
"2597","3661148",1
"2598","3661346",2
"2599","3661973",10
"2600","3663000",74
"2601","3663264",4
"2602","3663418",3
"2603","3663473",1
"2604","3663506",1
"2605","3663770",2
"2606","3664309",3
"2607","3664485",1
"2608","3664584",1
"2609","3665233",4
"2610","3665255",12
"2611","3665288",83
"2612","3665508",7
"2613","3666058",2
"2614","3666322",2
"2615","3666828",1
"2616","3666872",2
"2617","3667048",1
"2618","3667070",6
"2619","3667510",1
"2620","3667638",1
"2621","3667851",7
"2622","3668462",1
"2623","3669078",1
"2624","3669441",1
"2625","3669452",1
"2626","3670189",1
"2627","3670420",1
"2628","3671608",2
"2629","3671663",1
"2630","3671894",2
"2631","3673000",95
"2632","3673176",7
"2633","3673715",2
"2634","3674166",2
"2635","3675484",10
"2636","3675671",1
"2637","3675682",1
"2638","3676001",1
"2639","3676540",9
"2640","3676705",4
"2641","3677112",2
"2642","3677376",1
"2643","3677431",3
"2644","3678003",1
"2645","3678146",2
"2646","3678168",1
"2647","3678333",1
"2648","3678355",4
"2649","3678465",1
"2650","3678520",1
"2651","3678553",1
"2652","3678608",11
"2653","3678696",1
"2654","3678960",2
"2655","3679092",2
"2656","3680181",2
"2657","3680203",1
"2658","3680225",1
"2659","3680291",1
"2660","3680302",2
"2661","3680522",1
"2662","3680599",2
"2663","3680747",1
"2664","3680764",1
"2665","3680907",1
"2666","3681138",2
"2667","3681677",8
"2668","3682029",1
"2669","3682084",3
"2670","3682304",2
"2671","3682579",1
"2672","3682942",1
"2673","3683041",3
"2674","3684000",45
"2675","3684088",1
"2676","3700160",1
"2677","3700680",3
"2678","3701140",1
"2679","3701400",1
"2680","3701520",3
"2681","3702080",4
"2682","3702140",32
"2683","3703020",1
"2684","3704260",2
"2685","3707080",5
"2686","3707720",2
"2687","3708480",3
"2688","3709060",2
"2689","3710240",2
"2690","3710680",1
"2691","3710740",5
"2692","3711800",12
"2693","3712000",60
"2694","3712480",1
"2695","3714100",5
"2696","3714340",1
"2697","3714700",1
"2698","3715880",1
"2699","3716400",1
"2700","3718320",1
"2701","3719000",27
"2702","3719420",1
"2703","3719860",1
"2704","3720580",3
"2705","3720600",1
"2706","3720620",4
"2707","3720980",1
"2708","3721095",3
"2709","3722360",1
"2710","3722440",1
"2711","3722920",26
"2712","3722982",1
"2713","3723760",1
"2714","3724640",1
"2715","3725580",4
"2716","3726880",2
"2717","3727280",28
"2718","3728000",26
"2719","3728080",8
"2720","3729800",2
"2721","3730660",1
"2722","3730720",16
"2723","3731060",6
"2724","3731400",2
"2725","3731620",3
"2726","3732260",1
"2727","3733120",4
"2728","3734200",4
"2729","3734300",1
"2730","3734440",1
"2731","3735540",1
"2732","3735600",1
"2733","3735760",1
"2734","3735880",1
"2735","3735920",3
"2736","3736080",1
"2737","3737220",1
"2738","3737680",1
"2739","3737760",1
"2740","3738060",5
"2741","3738220",1
"2742","3739600",1
"2743","3739700",5
"2744","3740600",3
"2745","3741060",1
"2746","3741420",2
"2747","3741580",1
"2748","3741620",1
"2749","3743720",2
"2750","3743920",2
"2751","3744220",2
"2752","3744320",2
"2753","3744400",2
"2754","3744800",1
"2755","3744960",1
"2756","3745660",1
"2757","3746340",11
"2758","3746740",1
"2759","3747000",1
"2760","3747880",1
"2761","3748790",1
"2762","3748920",1
"2763","3749800",1
"2764","3751080",4
"2765","3752660",7
"2766","3754580",1
"2767","3755000",74
"2768","3757260",1
"2769","3757500",4
"2770","3758140",2
"2771","3758160",2
"2772","3758460",1
"2773","3758860",4
"2774","3759280",2
"2775","3760320",2
"2776","3761200",3
"2777","3761860",1
"2778","3762520",1
"2779","3763120",2
"2780","3763400",2
"2781","3764160",1
"2782","3764740",96
"2783","3766500",2
"2784","3770380",1
"2785","3770540",1
"2786","3770780",1
"2787","3771220",1
"2788","3771460",1
"2789","3771500",7
"2790","3771560",2
"2791","3771860",1
"2792","3772540",1
"2793","3774020",1
"2794","3774440",31
"2795","3774540",5
"2796","3775000",42
"2797","3775060",1
"2798","3807200",9
"2799","3819620",3
"2800","3825700",20
"2801","3832060",6
"2802","3840580",1
"2803","3849900",1
"2804","3853380",3
"2805","3856740",2
"2806","3868860",1
"2807","3881180",1
"2808","3886220",2
"2809","3901000",28
"2810","3901420",2
"2811","3901798",2
"2812","3902568",57
"2813","3902638",2
"2814","3902736",7
"2815","3903142",1
"2816","3903184",1
"2817","3903352",1
"2818","3903585",1
"2819","3904416",2
"2820","3904500",2
"2821","3904720",3
"2822","3904840",2
"2823","3905074",1
"2824","3905102",1
"2825","3905816",1
"2826","3906068",4
"2827","3907300",1
"2828","3907426",1
"2829","3907972",12
"2830","3908364",1
"2831","3909200",1
"2832","3909246",1
"2833","3909792",1
"2834","3910030",1
"2835","3910996",1
"2836","3911332",1
"2837","3911360",5
"2838","3912000",6
"2839","3912280",1
"2840","3912784",2
"2841","3913190",2
"2842","3913358",2
"2843","3913554",1
"2844","3914184",5
"2845","3915000",40
"2846","3915070",3
"2847","3916000",55
"2848","3916014",4
"2849","3918000",57
"2850","3918350",1
"2851","3918812",2
"2852","3918868",2
"2853","3921000",22
"2854","3921308",3
"2855","3921434",4
"2856","3922694",3
"2857","3923730",1
"2858","3924234",2
"2859","3925256",3
"2860","3925396",1
"2861","3925452",1
"2862","3925704",2
"2863","3925914",3
"2864","3925970",1
"2865","3927048",3
"2866","3927776",1
"2867","3928014",1
"2868","3928826",2
"2869","3929106",5
"2870","3929204",1
"2871","3929246",1
"2872","3929442",2
"2873","3929932",1
"2874","3931402",1
"2875","3932340",1
"2876","3932592",2
"2877","3933012",4
"2878","3935476",4
"2879","3935560",1
"2880","3935882",1
"2881","3936610",1
"2882","3936651",2
"2883","3937464",1
"2884","3939872",10
"2885","3940040",2
"2886","3941664",3
"2887","3941720",9
"2888","3942364",1
"2889","3942994",2
"2890","3943554",5
"2891","3944632",1
"2892","3944856",5
"2893","3945108",1
"2894","3945556",1
"2895","3947138",8
"2896","3947628",3
"2897","3947754",3
"2898","3948160",4
"2899","3948188",1
"2900","3948244",1
"2901","3948342",1
"2902","3948790",6
"2903","3949056",3
"2904","3949098",1
"2905","3949434",3
"2906","3949840",5
"2907","3950134",1
"2908","3950176",1
"2909","3950834",2
"2910","3951310",2
"2911","3952752",1
"2912","3953102",5
"2913","3953970",3
"2914","3954040",6
"2915","3954334",1
"2916","3955216",3
"2917","3956294",4
"2918","3956322",1
"2919","3956966",1
"2920","3957008",1
"2921","3957302",1
"2922","3957764",2
"2923","3958520",2
"2924","3958730",3
"2925","3959010",1
"2926","3959234",5
"2927","3959416",2
"2928","3961000",1
"2929","3961420",1
"2930","3961686",2
"2931","3962148",2
"2932","3962498",2
"2933","3962848",1
"2934","3964150",1
"2935","3964304",1
"2936","3964486",1
"2937","3964766",1
"2938","3965592",2
"2939","3966824",1
"2940","3967468",1
"2941","3969526",1
"2942","3970380",4
"2943","3971682",5
"2944","3972102",1
"2945","3972424",2
"2946","3973670",2
"2947","3974076",1
"2948","3974118",5
"2949","3974608",4
"2950","3975014",2
"2951","3975098",1
"2952","3975896",2
"2953","3976022",1
"2954","3976106",1
"2955","3976778",1
"2956","3976876",4
"2957","3977000",16
"2958","3977504",1
"2959","3977588",1
"2960","3978050",1
"2961","3978932",1
"2962","3979002",1
"2963","3979492",1
"2964","3979562",2
"2965","3980486",1
"2966","3980766",3
"2967","3980892",3
"2968","3981935",1
"2969","3983342",2
"2970","3983622",3
"2971","3984770",1
"2972","3985792",4
"2973","3986436",1
"2974","3986548",216
"2975","3986604",2
"2976","3986772",1
"2977","3986940",5
"2978","3988000",15
"2979","3988084",5
"2980","4000200",3
"2981","4001700",1
"2982","4001800",1
"2983","4002600",2
"2984","4003300",1
"2985","4004450",2
"2986","4009050",3
"2987","4014700",3
"2988","4014900",1
"2989","4017800",1
"2990","4022050",2
"2991","4023200",6
"2992","4023950",2
"2993","4031600",2
"2994","4041850",4
"2995","4044800",1
"2996","4048000",1
"2997","4049200",1
"2998","4050050",2
"2999","4052500",18
"3000","4055000",40
"3001","4056650",2
"3002","4057550",2
"3003","4059850",1
"3004","4066800",2
"3005","4070300",6
"3006","4070350",1
"3007","4072050",1
"3008","4072100",6
"3009","4075000",41
"3010","4077850",1
"3011","4078500",1
"3012","4082150",2
"3013","4100500",2
"3014","4101000",7
"3015","4103050",5
"3016","4103150",3
"3017","4103800",3
"3018","4103850",1
"3019","4105350",8
"3020","4105800",28
"3021","4108650",5
"3022","4115250",5
"3023","4115350",1
"3024","4115800",13
"3025","4115950",2
"3026","4116950",2
"3027","4117700",2
"3028","4123500",2
"3029","4123800",3
"3030","4123850",84
"3031","4126050",7
"3032","4126200",6
"3033","4130550",5
"3034","4131250",9
"3035","4132050",2
"3036","4133700",5
"3037","4134100",5
"3038","4134900",5
"3039","4137550",1
"3040","4138000",1
"3041","4139700",8
"3042","4140350",4
"3043","4140550",5
"3044","4140700",1
"3045","4141650",4
"3046","4142600",1
"3047","4145000",5
"3048","4145250",3
"3049","4145700",1
"3050","4147000",7
"3051","4147700",1
"3052","4148600",3
"3053","4148650",2
"3054","4149450",2
"3055","4149550",4
"3056","4152100",2
"3057","4152450",3
"3058","4153900",1
"3059","4154100",1
"3060","4154325",2
"3061","4154900",2
"3062","4155200",3
"3063","4157150",9
"3064","4159000",376
"3065","4159250",1
"3066","4159850",9
"3067","4161200",2
"3068","4163450",1
"3069","4163650",5
"3070","4164150",1
"3071","4164600",1
"3072","4164900",43
"3073","4165250",5
"3074","4165950",4
"3075","4167100",1
"3076","4167650",3
"3077","4167950",5
"3078","4169600",22
"3079","4171950",3
"3080","4172500",1
"3081","4172950",3
"3082","4173700",1
"3083","4174850",1
"3084","4174950",3
"3085","4175150",1
"3086","4175650",1
"3087","4182800",1
"3088","4183750",4
"3089","4184200",11
"3090","4200820",1
"3091","4202000",14
"3092","4202056",2
"3093","4202184",4
"3094","4202264",2
"3095","4202288",3
"3096","4202608",2
"3097","4202896",21
"3098","4203008",1
"3099","4203384",1
"3100","4203544",1
"3101","4203640",1
"3102","4203895",2
"3103","4203984",1
"3104","4204032",1
"3105","4204688",6
"3106","4204792",3
"3107","4204944",2
"3108","4205256",4
"3109","4205312",1
"3110","4205504",1
"3111","4205680",1
"3112","4205888",1
"3113","4205976",1
"3114","4206064",4
"3115","4206088",27
"3116","4206504",1
"3117","4207040",2
"3118","4207128",2
"3119","4207224",2
"3120","4207960",1
"3121","4208040",1
"3122","4208416",1
"3123","4208568",3
"3124","4208760",4
"3125","4209080",1
"3126","4209248",1
"3127","4209416",1
"3128","4209432",1
"3129","4209728",19
"3130","4210464",4
"3131","4210768",1
"3132","4211000",1
"3133","4211152",1
"3134","4211232",1
"3135","4211272",9
"3136","4211348",1
"3137","4211680",1
"3138","4211720",1
"3139","4212440",1
"3140","4212536",6
"3141","4213208",2
"3142","4213216",1
"3143","4213608",2
"3144","4213648",16
"3145","4213704",1
"3146","4213800",3
"3147","4214064",2
"3148","4214264",1
"3149","4214712",3
"3150","4215192",1
"3151","4215232",1
"3152","4215384",1
"3153","4215776",1
"3154","4215848",4
"3155","4215860",1
"3156","4216144",1
"3157","4216296",1
"3158","4216448",1
"3159","4216848",1
"3160","4218048",2
"3161","4218072",1
"3162","4218136",1
"3163","4218768",1
"3164","4219576",2
"3165","4219752",4
"3166","4219784",11
"3167","4219920",24
"3168","4220136",3
"3169","4220216",1
"3170","4220248",1
"3171","4220352",1
"3172","4220432",1
"3173","4220634",1
"3174","4220672",2
"3175","4221648",6
"3176","4221688",1
"3177","4221712",1
"3178","4221872",3
"3179","4222104",2
"3180","4222144",2
"3181","4222280",1
"3182","4222608",1
"3183","4222680",1
"3184","4222992",2
"3185","4223016",2
"3186","4223128",1
"3187","4223304",5
"3188","4223584",4
"3189","4223832",4
"3190","4224000",29
"3191","4224392",3
"3192","4224440",1
"3193","4225360",5
"3194","4225464",1
"3195","4226280",2
"3196","4226432",4
"3197","4226872",1
"3198","4227120",1
"3199","4227456",1
"3200","4227552",1
"3201","4227712",1
"3202","4227744",2
"3203","4228960",16
"3204","4229720",2
"3205","4229800",2
"3206","4230896",2
"3207","4231200",13
"3208","4231328",1
"3209","4231656",2
"3210","4232120",1
"3211","4232448",4
"3212","4232616",1
"3213","4232800",48
"3214","4232864",2
"3215","4233000",1
"3216","4233200",1
"3217","4233408",1
"3218","4233592",1
"3219","4233744",1
"3220","4234064",3
"3221","4234144",2
"3222","4235224",1
"3223","4235520",2
"3224","4235800",2
"3225","4236232",2
"3226","4236368",2
"3227","4236816",6
"3228","4237208",3
"3229","4237728",1
"3230","4237784",2
"3231","4238000",1
"3232","4238200",1
"3233","4238288",9
"3234","4238688",1
"3235","4239352",1
"3236","4239736",2
"3237","4239784",2
"3238","4239944",1
"3239","4240040",1
"3240","4240656",2
"3241","4241216",30
"3242","4241376",1
"3243","4241392",2
"3244","4241432",4
"3245","4241440",1
"3246","4241464",1
"3247","4241680",3
"3248","4242168",8
"3249","4242352",1
"3250","4242472",5
"3251","4242928",2
"3252","4242968",1
"3253","4242976",8
"3254","4243000",6
"3255","4243744",1
"3256","4243816",2
"3257","4244128",4
"3258","4245592",1
"3259","4245824",1
"3260","4246000",1
"3261","4246256",1
"3262","4246264",1
"3263","4246344",1
"3264","4246592",1
"3265","4246792",2
"3266","4246888",4
"3267","4247080",2
"3268","4247672",2
"3269","4247872",1
"3270","4248360",1
"3271","4248376",1
"3272","4248480",4
"3273","4248696",2
"3274","4248704",1
"3275","4248768",1
"3276","4248856",1
"3277","4249128",3
"3278","4249184",2
"3279","4249288",6
"3280","4249304",5
"3281","4249400",4
"3282","4249728",1
"3283","4250016",4
"3284","4250208",1
"3285","4250320",1
"3286","4250344",1
"3287","4250528",3
"3288","4250632",1
"3289","4250672",1
"3290","4250720",2
"3291","4250736",1
"3292","4250880",2
"3293","4251016",2
"3294","4251656",1
"3295","4251880",1
"3296","4251912",1
"3297","4252432",2
"3298","4252664",2
"3299","4252808",1
"3300","4253368",4
"3301","4253464",2
"3302","4253712",2
"3303","4253736",1
"3304","4254024",1
"3305","4254184",13
"3306","4254268",1
"3307","4254656",8
"3308","4254952",1
"3309","4255512",1
"3310","4256456",1
"3311","4256576",1
"3312","4256664",1
"3313","4256960",1
"3314","4257696",5
"3315","4257816",1
"3316","4258176",1
"3317","4258696",1
"3318","4259120",1
"3319","4259312",1
"3320","4259384",1
"3321","4260000",259
"3322","4260008",1
"3323","4260120",2
"3324","4261000",99
"3325","4261048",1
"3326","4261328",2
"3327","4261648",1
"3328","4261688",3
"3329","4262048",1
"3330","4262088",2
"3331","4262416",5
"3332","4262432",2
"3333","4262792",1
"3334","4262920",2
"3335","4263048",2
"3336","4263064",3
"3337","4263624",16
"3338","4264560",1
"3339","4264784",1
"3340","4264832",1
"3341","4264856",1
"3342","4265336",2
"3343","4266192",1
"3344","4266256",3
"3345","4266576",1
"3346","4267264",4
"3347","4267344",3
"3348","4268056",1
"3349","4268096",1
"3350","4268152",1
"3351","4268192",1
"3352","4268312",1
"3353","4268328",1
"3354","4268432",1
"3355","4269000",11
"3356","4269216",5
"3357","4269248",1
"3358","4269309",1
"3359","4269376",1
"3360","4269600",2
"3361","4269720",1
"3362","4269800",1
"3363","4270056",1
"3364","4270352",3
"3365","4270568",1
"3366","4270880",2
"3367","4271184",2
"3368","4271776",3
"3369","4271856",1
"3370","4273808",18
"3371","4274712",1
"3372","4274888",3
"3373","4275304",4
"3374","4275648",1
"3375","4276032",1
"3376","4277744",1
"3377","4277784",2
"3378","4278168",2
"3379","4278528",3
"3380","4279776",2
"3381","4280218",2
"3382","4281000",2
"3383","4281328",5
"3384","4281616",2
"3385","4281824",2
"3386","4281832",1
"3387","4282160",1
"3388","4282296",1
"3389","4282704",14
"3390","4282736",1
"3391","4283512",1
"3392","4284144",1
"3393","4285152",30
"3394","4285188",3
"3395","4285312",12
"3396","4285592",1
"3397","4285632",1
"3398","4286352",1
"3399","4286856",1
"3400","4286920",1
"3401","4286968",1
"3402","4287048",16
"3403","4287232",1
"3404","4287272",1
"3405","4414860",1
"3406","4419180",5
"3407","4422960",5
"3408","4431600",1
"3409","4448700",2
"3410","4449960",5
"3411","4450140",32
"3412","4454640",1
"3413","4459000",70
"3414","4470700",2
"3415","4473132",3
"3416","4474300",7
"3417","4476820",1
"3418","4480780",1
"3419","4480960",2
"3420","4500550",26
"3421","4501360",2
"3422","4504690",6
"3423","4507210",3
"3424","4512655",1
"3425","4513330",42
"3426","4514095",1
"3427","4514950",3
"3428","4516000",42
"3429","4516405",4
"3430","4518565",1
"3431","4521985",1
"3432","4525810",9
"3433","4526890",2
"3434","4528060",2
"3435","4528870",3
"3436","4530850",17
"3437","4530895",2
"3438","4530985",1
"3439","4532245",2
"3440","4534045",1
"3441","4535890",2
"3442","4539785",1
"3443","4542010",1
"3444","4548535",1
"3445","4548985",1
"3446","4549075",6
"3447","4549570",1
"3448","4550695",2
"3449","4550875",7
"3450","4551280",1
"3451","4553080",6
"3452","4555015",3
"3453","4556140",2
"3454","4556950",2
"3455","4559110",1
"3456","4560280",1
"3457","4561405",4
"3458","4566580",1
"3459","4568290",3
"3460","4570090",1
"3461","4570270",5
"3462","4570405",3
"3463","4574050",1
"3464","4574095",5
"3465","4576435",1
"3466","4579630",1
"3467","4600100",3
"3468","4604380",1
"3469","4607580",1
"3470","4612100",1
"3471","4624260",2
"3472","4633820",4
"3473","4643100",1
"3474","4649600",3
"3475","4652980",12
"3476","4659020",10
"3477","4662100",3
"3478","4669300",1
"3479","4673060",1
"3480","4700540",2
"3481","4702320",2
"3482","4704000",1
"3483","4708280",1
"3484","4708540",5
"3485","4714000",15
"3486","4715160",7
"3487","4715400",5
"3488","4715580",1
"3489","4716420",6
"3490","4716920",2
"3491","4717680",1
"3492","4722200",3
"3493","4723500",5
"3494","4727740",11
"3495","4728540",1
"3496","4728960",2
"3497","4730980",1
"3498","4733260",1
"3499","4733280",1
"3500","4736460",2
"3501","4737640",8
"3502","4738320",15
"3503","4738540",1
"3504","4739560",1
"3505","4740000",24
"3506","4741200",1
"3507","4741760",1
"3508","4745100",1
"3509","4746240",1
"3510","4746380",2
"3511","4748000",59
"3512","4748660",1
"3513","4750280",1
"3514","4750780",3
"3515","4751560",9
"3516","4752006",123
"3517","4753000",1
"3518","4755120",32
"3519","4756720",2
"3520","4761040",1
"3521","4764820",2
"3522","4767760",1
"3523","4769420",1
"3524","4770580",1
"3525","4772540",1
"3526","4781080",2
"3527","4801000",14
"3528","4801240",1
"3529","4801600",1
"3530","4801744",1
"3531","4801852",1
"3532","4802104",1
"3533","4803000",8
"3534","4803264",1
"3535","4804000",12
"3536","4805000",78
"3537","4805864",3
"3538","4806128",2
"3539","4807000",7
"3540","4807492",6
"3541","4808236",1
"3542","4808788",1
"3543","4809160",1
"3544","4810768",1
"3545","4810780",3
"3546","4810912",8
"3547","4811080",3
"3548","4811428",1
"3549","4812532",1
"3550","4813024",1
"3551","4813108",1
"3552","4813492",1
"3553","4813552",3
"3554","4813684",1
"3555","4813732",1
"3556","4815364",4
"3557","4815976",12
"3558","4816240",1
"3559","4816432",4
"3560","4816612",1
"3561","4816624",3
"3562","4817000",10
"3563","4818092",1
"3564","4819000",82
"3565","4819792",2
"3566","4819900",1
"3567","4819972",12
"3568","4820344",3
"3569","4821892",1
"3570","4822660",6
"3571","4822720",1
"3572","4822864",1
"3573","4823044",1
"3574","4824000",28
"3575","4826160",1
"3576","4826232",11
"3577","4826808",2
"3578","4827000",34
"3579","4827348",2
"3580","4827420",1
"3581","4827648",1
"3582","4827684",3
"3583","4827984",4
"3584","4828068",6
"3585","4829108",1
"3586","4829336",5
"3587","4829564",1
"3588","4830416",1
"3589","4830464",1
"3590","4830644",2
"3591","4830920",2
"3592","4831868",1
"3593","4832372",5
"3594","4833200",1
"3595","4834220",1
"3596","4834676",2
"3597","4835000",82
"3598","4835084",1
"3599","4835528",3
"3600","4835624",2
"3601","4837000",2
"3602","4837216",1
"3603","4837420",1
"3604","4837528",1
"3605","4838476",1
"3606","4838632",2
"3607","4839040",2
"3608","4839124",2
"3609","4839148",11
"3610","4839352",1
"3611","4839952",1
"3612","4840588",2
"3613","4841116",4
"3614","4841188",2
"3615","4841440",2
"3616","4841464",5
"3617","4841980",5
"3618","4842016",1
"3619","4842448",1
"3620","4842508",2
"3621","4842664",1
"3622","4843012",1
"3623","4843240",1
"3624","4843432",1
"3625","4843888",9
"3626","4844020",1
"3627","4844116",1
"3628","4845000",6
"3629","4845072",4
"3630","4845384",11
"3631","4845744",6
"3632","4846056",1
"3633","4846452",3
"3634","4846620",1
"3635","4846776",11
"3636","4847892",1
"3637","4848072",13
"3638","4848096",2
"3639","4849068",1
"3640","4850076",1
"3641","4850256",2
"3642","4850820",6
"3643","4851708",1
"3644","4853388",8
"3645","4854708",1
"3646","4855080",6
"3647","4856000",2
"3648","4856516",1
"3649","4857176",2
"3650","4857476",3
"3651","4858016",4
"3652","4858820",1
"3653","4860140",2
"3654","4861196",1
"3655","4861796",2
"3656","4862504",1
"3657","4862828",3
"3658","4863500",7
"3659","4863572",2
"3660","4863668",1
"3661","4863848",1
"3662","4864472",7
"3663","4865000",44
"3664","4865600",5
"3665","4866128",1
"3666","4866644",1
"3667","4867496",2
"3668","4869032",3
"3669","4869596",1
"3670","4870208",2
"3671","4870808",2
"3672","4870904",1
"3673","4872176",6
"3674","4872368",8
"3675","4872656",3
"3676","4873316",1
"3677","4873748",1
"3678","4874144",17
"3679","4874492",2
"3680","4875428",5
"3681","4875476",2
"3682","4876000",15
"3683","4876816",2
"3684","4876864",9
"3685","4876948",1
"3686","4877272",1
"3687","4878544",1
"3688","4879000",9
"3689","4879624",2
"3690","4879876",1
"3691","4880356",1
"3692","4900540",1
"3693","4901310",1
"3694","4907470",1
"3695","4907690",1
"3696","4911320",2
"3697","4911980",1
"3698","4916270",8
"3699","4920120",3
"3700","4924630",1
"3701","4930900",1
"3702","4931120",1
"3703","4937500",1
"3704","4939920",2
"3705","4940360",2
"3706","4943660",1
"3707","4945860",8
"3708","4947730",1
"3709","4950700",2
"3710","4955650",1
"3711","4955980",7
"3712","4957300",6
"3713","4958070",4
"3714","4960930",1
"3715","4962470",13
"3716","4965330",16
"3717","4967000",121
"3718","4970850",2
"3719","4974810",1
"3720","4975360",2
"3721","4976680",1
"3722","4977120",1
"3723","4983470",3
"3724","5003175",2
"3725","5004225",2
"3726","5004750",4
"3727","5005725",2
"3728","5007675",1
"3729","5007975",12
"3730","5008950",2
"3731","5010675",66
"3732","5013600",2
"3733","5024400",9
"3734","5030100",1
"3735","5033400",1
"3736","5036625",1
"3737","5037000",2
"3738","5041200",1
"3739","5042700",3
"3740","5044275",5
"3741","5045175",2
"3742","5046000",20
"3743","5046825",2
"3744","5048850",6
"3745","5055750",1
"3746","5058000",1
"3747","5060025",1
"3748","5061225",6
"3749","5061675",2
"3750","5062125",3
"3751","5064225",1
"3752","5068050",1
"3753","5070450",2
"3754","5074650",2
"3755","5075250",2
"3756","5076900",1
"3757","5084625",1
"3758","5085900",18
"3759","5100148",2
"3760","5100180",2
"3761","5101000",14
"3762","5101528",1
"3763","5101672",2
"3764","5102072",2
"3765","5103000",19
"3766","5103320",2
"3767","5103368",2
"3768","5105544",1
"3769","5106968",1
"3770","5107480",1
"3771","5107784",7
"3772","5108888",2
"3773","5109952",1
"3774","5110040",2
"3775","5111464",1
"3776","5114312",1
"3777","5114968",17
"3778","5114984",1
"3779","5116000",5
"3780","5116096",6
"3781","5116512",1
"3782","5116608",2
"3783","5118352",1
"3784","5118400",1
"3785","5119728",1
"3786","5119904",1
"3787","5120752",3
"3788","5121344",6
"3789","5123760",2
"3790","5125488",1
"3791","5126416",1
"3792","5126496",14
"3793","5127200",7
"3794","5127440",3
"3795","5128544",1
"3796","5129600",1
"3797","5129744",16
"3798","5129968",2
"3799","5130176",1
"3800","5130208",1
"3801","5131608",3
"3802","5133488",1
"3803","5135000",10
"3804","5135160",3
"3805","5135624",7
"3806","5136648",2
"3807","5142424",1
"3808","5142568",1
"3809","5144520",1
"3810","5144696",1
"3811","5144984",6
"3812","5145512",1
"3813","5147144",2
"3814","5147528",1
"3815","5147672",10
"3816","5148376",1
"3817","5148952",5
"3818","5149464",7
"3819","5150104",1
"3820","5152952",1
"3821","5156000",11
"3822","5157000",14
"3823","5157688",1
"3824","5159496",1
"3825","5160392",2
"3826","5161832",1
"3827","5164000",18
"3828","5164880",1
"3829","5165008",1
"3830","5165392",2
"3831","5166672",1
"3832","5166928",1
"3833","5167000",88
"3834","5168000",27
"3835","5168496",2
"3836","5169168",1
"3837","5170000",3
"3838","5170256",4
"3839","5173712",1
"3840","5174470",2
"3841","5174916",2
"3842","5175008",3
"3843","5175216",6
"3844","5175344",1
"3845","5175376",8
"3846","5175504",2
"3847","5176416",1
"3848","5176432",2
"3849","5177792",1
"3850","5179560",1
"3851","5181072",3
"3852","5182000",19
"3853","5183136",32
"3854","5183680",3
"3855","5186160",31
"3856","5186720",5
"3857","5187312",3
"3858","5187712",1
"3859","5188000",1
"3860","5300100",2
"3861","5301990",6
"3862","5302585",1
"3863","5303180",1
"3864","5303736",5
"3865","5304475",1
"3866","5305210",8
"3867","5305280",50
"3868","5307170",1
"3869","5307380",6
"3870","5307450",1
"3871","5307695",6
"3872","5308465",1
"3873","5308850",2
"3874","5308920",2
"3875","5309480",3
"3876","5311090",1
"3877","5311160",2
"3878","5311475",6
"3879","5315185",1
"3880","5315290",1
"3881","5319035",2
"3882","5320750",2
"3883","5321240",5
"3884","5322640",9
"3885","5323515",1
"3886","5323620",3
"3887","5323970",1
"3888","5325510",1
"3889","5325615",6
"3890","5326735",1
"3891","5327365",1
"3892","5327925",1
"3893","5327995",2
"3894","5329430",1
"3895","5330305",2
"3896","5331530",1
"3897","5333805",4
"3898","5335065",2
"3899","5335275",19
"3900","5335415",2
"3901","5335485",1
"3902","5335870",1
"3903","5335940",4
"3904","5336710",1
"3905","5336780",1
"3906","5337270",1
"3907","5337287",1
"3908","5337900",1
"3909","5338038",1
"3910","5338355",1
"3911","5338845",2
"3912","5339335",1
"3913","5340070",2
"3914","5340245",7
"3915","5340735",1
"3916","5340805",1
"3917","5340840",3
"3918","5343150",1
"3919","5345005",3
"3920","5345865",2
"3921","5346685",4
"3922","5346895",1
"3923","5347175",1
"3924","5347245",2
"3925","5347315",1
"3926","5347490",3
"3927","5347560",4
"3928","5347735",1
"3929","5348645",1
"3930","5349415",1
"3931","5349485",1
"3932","5350360",5
"3933","5350570",1
"3934","5351300",30
"3935","5351340",4
"3936","5353545",18
"3937","5355120",1
"3938","5355365",6
"3939","5355785",2
"3940","5355855",6
"3941","5355995",7
"3942","5356625",8
"3943","5356695",2
"3944","5357115",1
"3945","5357430",2
"3946","5357535",5
"3947","5357745",2
"3948","5358235",14
"3949","5358410",22
"3950","5363000",342
"3951","5363210",1
"3952","5363280",4
"3953","5363385",4
"3954","5363735",2
"3955","5363960",3
"3956","5364365",2
"3957","5365170",3
"3958","5365205",1
"3959","5367000",43
"3960","5367167",2
"3961","5367455",6
"3962","5367875",1
"3963","5370000",30
"3964","5370630",1
"3965","5371890",1
"3966","5372905",1
"3967","5373080",2
"3968","5373465",1
"3969","5374060",26
"3970","5374305",4
"3971","5375775",7
"3972","5376405",3
"3973","5377105",9
"3974","5379380",1
"3975","5379555",1
"3976","5379590",2
"3977","5380010",6
"3978","5400364",1
"3979","5404876",2
"3980","5405260",1
"3981","5405332",6
"3982","5408524",1
"3983","5414600",22
"3984","5414610",2
"3985","5415628",6
"3986","5424580",1
"3987","5426452",4
"3988","5427028",1
"3989","5432716",1
"3990","5439460",4
"3991","5443492",1
"3992","5444044",3
"3993","5446636",3
"3994","5448148",2
"3995","5452060",5
"3996","5455756",12
"3997","5462140",8
"3998","5463292",1
"3999","5465692",1
"4000","5468596",1
"4001","5473468",1
"4002","5475292",1
"4003","5485156",1
"4004","5485228",1
"4005","5486452",2
"4006","5487508",2
"4007","5501725",1
"4008","5502375",9
"4009","5503225",5
"4010","5503425",1
"4011","5504875",1
"4012","5505900",1
"4013","5506500",4
"4014","5509300",3
"4015","5510025",2
"4016","5510375",1
"4017","5511200",4
"4018","5513375",1
"4019","5514325",1
"4020","5518825",1
"4021","5519350",1
"4022","5519400",1
"4023","5519775",5
"4024","5520350",1
"4025","5521525",1
"4026","5522300",10
"4027","5526275",1
"4028","5527075",2
"4029","5527300",2
"4030","5528875",3
"4031","5530000",1
"4032","5531000",21
"4033","5531975",2
"4034","5533450",1
"4035","5534575",1
"4036","5537825",6
"4037","5537900",1
"4038","5538350",1
"4039","5539225",31
"4040","5539350",3
"4041","5539525",1
"4042","5540775",13
"4043","5541675",2
"4044","5545350",1
"4045","5548000",79
"4046","5548500",4
"4047","5548750",1
"4048","5549300",1
"4049","5549675",2
"4050","5551000",4
"4051","5551025",5
"4052","5551150",1
"4053","5551575",3
"4054","5552200",1
"4055","5553000",118
"4056","5553100",2
"4057","5553200",2
"4058","5553675",2
"4059","5554500",2
"4060","5554725",1
"4061","5555275",1
"4062","5555750",1
"4063","5558800",1
"4064","5559250",2
"4065","5560200",2
"4066","5560500",5
"4067","5562240",1
"4068","5562450",1
"4069","5565100",1
"4070","5565675",1
"4071","5566000",8
"4072","5566800",1
"4073","5567200",2
"4074","5567350",1
"4075","5568550",1
"4076","5569725",3
"4077","5572925",1
"4078","5572975",12
"4079","5573725",4
"4080","5574625",1
"4081","5575325",1
"4082","5575625",1
"4083","5577200",3
"4084","5577675",1
"4085","5577875",1
"4086","5578600",2
"4087","5578650",2
"4088","5578750",1
"4089","5579625",1
"4090","5580075",1
"4091","5581250",1
"4092","5581775",1
"4093","5582600",1
"4094","5582925",2
"4095","5583525",1
"4096","5583975",1
"4097","5584250",5
"4098","5584375",5
"4099","5584475",9
"4100","5584675",24
"4101","5585300",2
"4102","5585350",1
"4103","5586275",2
"4104","5586925",2
"4105","5588200",1
"4106","5613150",7
"4107","5613900",8
"4108","5615760",3
"4109","5621415",1
"4110","5631855",1
"4111","5640120",6
"4112","5644760",1
"4113","5645050",7
"4114","5661580",2
"4115","5666220",1
"4116","5667235",3
"4117","5669845",2
"4118","5677530",3
