"","PLACEFIPS","VictimHighThreat"
"1","0100124",1
"2","0100988",1
"3","0101852",1
"4","0103004",1
"5","0104684",1
"6","0107000",4
"7","0115064",1
"8","0115256",1
"9","0119648",1
"10","0120296",1
"11","0123176",1
"12","0125240",2
"13","0126896",1
"14","0128696",1
"15","0132968",1
"16","0133712",1
"17","0135800",2
"18","0135896",1
"19","0137000",3
"20","0138272",1
"21","0141968",1
"22","0142352",1
"23","0145784",1
"24","0150000",2
"25","0151000",3
"26","0157576",1
"27","0157648",2
"28","0158896",1
"29","0163216",1
"30","0163408",1
"31","0168160",1
"32","0169240",2
"33","0174352",1
"34","0174592",1
"35","0177280",1
"36","0203000",5
"37","0203110",1
"38","0207070",1
"39","0216420",1
"40","0220020",1
"41","0224230",2
"42","0226870",1
"43","0240645",1
"44","0254085",1
"45","0258660",1
"46","0260750",1
"47","0266550",1
"48","0272985",1
"49","0275077",1
"50","0283080",1
"51","0402830",2
"52","0404720",2
"53","0407940",5
"54","0410530",1
"55","0412000",3
"56","0412840",1
"57","0420540",1
"58","0421800",1
"59","0422220",1
"60","0423620",2
"61","0425045",1
"62","0426070",1
"63","0427400",1
"64","0427820",6
"65","0428030",1
"66","0428190",1
"67","0428195",1
"68","0428380",1
"69","0437620",2
"70","0444270",1
"71","0446000",14
"72","0453070",1
"73","0454050",1
"74","0455000",40
"75","0455300",1
"76","0455980",2
"77","0457380",1
"78","0458010",1
"79","0465000",3
"80","0465490",1
"81","0470240",1
"82","0473000",2
"83","0473700",1
"84","0474190",1
"85","0477000",8
"86","0478760",1
"87","0485400",1
"88","0485540",1
"89","0502590",1
"90","0504030",1
"91","0507330",1
"92","0509460",1
"93","0509790",1
"94","0509880",1
"95","0514140",1
"96","0514260",1
"97","0522660",1
"98","0523290",1
"99","0524130",1
"100","0524430",2
"101","0524910",1
"102","0529290",1
"103","0531190",2
"104","0534750",3
"105","0535710",2
"106","0541000",4
"107","0543460",1
"108","0543820",1
"109","0544180",1
"110","0544300",1
"111","0550450",1
"112","0552970",1
"113","0555310",3
"114","0558490",1
"115","0558580",1
"116","0560770",1
"117","0561670",1
"118","0566080",2
"119","0566110",1
"120","0570010",1
"121","0571480",1
"122","0573310",1
"123","0574540",2
"124","0600296",1
"125","0600562",1
"126","0600884",1
"127","0602000",1
"128","0602042",1
"129","0602462",1
"130","0602476",1
"131","0602553",1
"132","0602896",1
"133","0602980",1
"134","0603162",1
"135","0603209",1
"136","0603302",1
"137","0603386",2
"138","0603526",2
"139","0604030",2
"140","0604758",2
"141","0604996",1
"142","0606000",1
"143","0607064",1
"144","0607498",1
"145","0608954",1
"146","0610508",1
"147","0611324",1
"148","0611390",1
"149","0611964",1
"150","0612048",2
"151","0612552",1
"152","0613014",1
"153","0613214",1
"154","0613294",1
"155","0613392",1
"156","0613588",1
"157","0613966",1
"158","0614260",1
"159","0615044",1
"160","0616000",1
"161","0616350",1
"162","0616630",1
"163","0616742",1
"164","0617022",1
"165","0617568",1
"166","0618100",1
"167","0618506",1
"168","0618986",1
"169","0618996",1
"170","0619318",2
"171","0619416",2
"172","0619990",1
"173","0620270",1
"174","0620574",1
"175","0620802",3
"176","0622020",1
"177","0622230",1
"178","0622457",1
"179","0622790",1
"180","0622804",1
"181","0623294",1
"182","0623350",1
"183","0624680",1
"184","0626000",2
"185","0627000",8
"186","0628000",3
"187","0628168",3
"188","0629000",2
"189","0629504",2
"190","0630658",1
"191","0630798",1
"192","0631708",1
"193","0631960",2
"194","0633182",1
"195","0633434",2
"196","0633588",1
"197","0634281",1
"198","0636000",1
"199","0636084",1
"200","0636546",1
"201","0637554",1
"202","0637692",1
"203","0639290",1
"204","0639460",1
"205","0639486",1
"206","0639598",1
"207","0639612",1
"208","0639715",1
"209","0640872",1
"210","0641124",1
"211","0641152",1
"212","0641572",1
"213","0641992",1
"214","0642202",2
"215","0642524",1
"216","0643000",7
"217","0644000",18
"218","0644028",1
"219","0644574",1
"220","0645022",1
"221","0646170",1
"222","0646842",1
"223","0646898",1
"224","0647766",1
"225","0648354",3
"226","0648452",2
"227","0648816",2
"228","0649348",1
"229","0650076",1
"230","0650132",1
"231","0650258",3
"232","0650916",1
"233","0651140",1
"234","0651560",1
"235","0651637",1
"236","0651924",1
"237","0653000",3
"238","0653182",1
"239","0653322",2
"240","0653448",1
"241","0654372",1
"242","0654386",1
"243","0655086",1
"244","0655156",1
"245","0656000",2
"246","0656784",1
"247","0657456",1
"248","0657792",1
"249","0658072",2
"250","0658240",1
"251","0658940",1
"252","0659444",1
"253","0659500",2
"254","0659892",3
"255","0659920",5
"256","0659962",1
"257","0660102",3
"258","0660620",3
"259","0660662",1
"260","0660704",1
"261","0661068",1
"262","0662000",1
"263","0662364",1
"264","0662546",1
"265","0662938",1
"266","0664000",2
"267","0665000",3
"268","0666000",8
"269","0667000",3
"270","0667042",1
"271","0668000",7
"272","0668028",1
"273","0668252",1
"274","0669084",1
"275","0669088",1
"276","0670000",1
"277","0670042",1
"278","0670098",1
"279","0673080",3
"280","0673108",1
"281","0675000",2
"282","0675252",1
"283","0676015",1
"284","0677000",1
"285","0678148",1
"286","0680644",3
"287","0680854",1
"288","0680994",1
"289","0681134",1
"290","0681344",1
"291","0681554",2
"292","0681666",1
"293","0682590",2
"294","0682842",1
"295","0682954",2
"296","0683346",1
"297","0683542",1
"298","0684592",1
"299","0684774",1
"300","0685446",1
"301","0686328",1
"302","0686482",1
"303","0686972",1
"304","0687056",2
"305","0801090",1
"306","0802575",1
"307","0804000",4
"308","0804110",1
"309","0804935",1
"310","0806090",1
"311","0806172",1
"312","0807850",1
"313","0812815",2
"314","0815935",1
"315","0816000",10
"316","0816495",2
"317","0819150",1
"318","0820000",10
"319","0820770",1
"320","0821330",1
"321","0824235",1
"322","0825550",1
"323","0827425",2
"324","0830835",1
"325","0832155",2
"326","0836410",1
"327","0838370",1
"328","0843000",4
"329","0843605",1
"330","0845255",1
"331","0845970",1
"332","0846465",2
"333","0851800",1
"334","0854330",1
"335","0857630",1
"336","0859830",1
"337","0862000",11
"338","0868875",1
"339","0869810",1
"340","0873330",1
"341","0878335",1
"342","0878610",1
"343","0879100",2
"344","0880095",1
"345","0883835",6
"346","0884440",2
"347","0901150",1
"348","0908000",1
"349","0922700",1
"350","0937000",1
"351","0950370",1
"352","0952560",1
"353","0958520",1
"354","0971250",1
"355","0980000",1
"356","0982800",1
"357","0984970",1
"358","1004130",1
"359","1021200",1
"360","1023240",1
"361","1041830",1
"362","1043245",1
"363","1056500",1
"364","1077580",1
"365","1150000",4
"366","1201100",1
"367","1202550",2
"368","1203725",1
"369","1204350",1
"370","1207875",2
"371","1207950",1
"372","1208300",1
"373","1208800",1
"374","1210250",1
"375","1211050",1
"376","1211625",1
"377","1212875",1
"378","1213150",1
"379","1213400",1
"380","1216525",1
"381","1216800",1
"382","1217100",2
"383","1217200",3
"384","1218875",1
"385","1219212",1
"386","1219825",1
"387","1220825",1
"388","1221350",1
"389","1222175",1
"390","1222775",1
"391","1223050",1
"392","1223680",1
"393","1224000",1
"394","1224125",1
"395","1224150",1
"396","1224300",3
"397","1224710",2
"398","1225175",1
"399","1225987",1
"400","1226700",1
"401","1228452",1
"402","1229100",1
"403","1230000",2
"404","1232000",2
"405","1233375",1
"406","1235000",14
"407","1235875",1
"408","1235950",1
"409","1236062",1
"410","1237650",1
"411","1238025",1
"412","1238250",3
"413","1238813",1
"414","1238950",1
"415","1239425",2
"416","1239525",1
"417","1239600",1
"418","1239700",1
"419","1239925",1
"420","1242787",1
"421","1244175",1
"422","1245000",3
"423","1245025",3
"424","1245060",2
"425","1245100",1
"426","1245465",1
"427","1245750",1
"428","1245975",2
"429","1247700",3
"430","1247787",1
"431","1249450",1
"432","1249475",1
"433","1250525",1
"434","1250638",1
"435","1251587",1
"436","1253000",3
"437","1253150",1
"438","1254075",1
"439","1254175",1
"440","1254725",1
"441","1254912",1
"442","1255925",1
"443","1256625",1
"444","1256975",1
"445","1257058",1
"446","1257550",1
"447","1257900",1
"448","1258050",1
"449","1258350",1
"450","1258575",2
"451","1259675",1
"452","1260230",1
"453","1261500",1
"454","1262425",1
"455","1262625",1
"456","1263000",3
"457","1263425",1
"458","1268275",1
"459","1268350",2
"460","1268375",1
"461","1269700",1
"462","1270600",2
"463","1270675",2
"464","1271000",3
"465","1271150",1
"466","1271567",1
"467","1271625",2
"468","1273075",1
"469","1274200",1
"470","1274368",1
"471","1275175",1
"472","1276087",1
"473","1276487",1
"474","1276740",1
"475","1276937",1
"476","1277675",1
"477","1277862",1
"478","1278275",1
"479","1278975",1
"480","1279175",1
"481","1279225",1
"482","1300576",1
"483","1303440",5
"484","1304000",5
"485","1304204",2
"486","1304896",1
"487","1306884",2
"488","1307304",1
"489","1307612",1
"490","1311560",1
"491","1311784",1
"492","1312260",1
"493","1312456",1
"494","1312834",2
"495","1313352",1
"496","1313492",2
"497","1314108",1
"498","1315172",1
"499","1316600",1
"500","1317776",1
"501","1319000",1
"502","1319168",1
"503","1320064",1
"504","1320932",2
"505","1321072",1
"506","1323900",1
"507","1325720",2
"508","1328016",1
"509","1328492",1
"510","1328632",1
"511","1330536",1
"512","1331908",4
"513","1333336",1
"514","1333392",1
"515","1335016",1
"516","1335324",2
"517","1335716",1
"518","1335884",1
"519","1336276",1
"520","1338040",1
"521","1339244",1
"522","1341596",2
"523","1341932",1
"524","1342604",1
"525","1343640",1
"526","1344340",3
"527","1345488",1
"528","1346832",1
"529","1347140",1
"530","1347980",1
"531","1348288",2
"532","1348624",1
"533","1349008",3
"534","1349756",3
"535","1351660",1
"536","1351670",1
"537","1352192",1
"538","1353004",1
"539","1353060",1
"540","1356112",1
"541","1359724",1
"542","1359808",1
"543","1361040",1
"544","1362244",1
"545","1363952",1
"546","1366668",1
"547","1367284",1
"548","1368516",2
"549","1369000",4
"550","1369980",1
"551","1371604",1
"552","1371660",1
"553","1374180",1
"554","1374572",1
"555","1375832",1
"556","1376224",1
"557","1376476",1
"558","1377652",1
"559","1380508",1
"560","1384260",1
"561","1505900",1
"562","1512500",2
"563","1512600",1
"564","1551050",1
"565","1553900",1
"566","1566800",1
"567","1571550",5
"568","1577450",1
"569","1579700",1
"570","1607840",1
"571","1608830",4
"572","1612250",2
"573","1616750",2
"574","1632140",1
"575","1639700",2
"576","1644290",1
"577","1646540",1
"578","1650950",1
"579","1652120",1
"580","1654730",1
"581","1656260",1
"582","1667960",1
"583","1672100",1
"584","1701114",1
"585","1703012",2
"586","1704845",1
"587","1714000",14
"588","1718563",2
"589","1718992",1
"590","1728872",1
"591","1730094",1
"592","1732018",1
"593","1733695",1
"594","1734272",1
"595","1738414",1
"596","1738570",2
"597","1745434",1
"598","1753442",1
"599","1757225",1
"600","1757394",1
"601","1759000",2
"602","1763706",1
"603","1764928",1
"604","1765000",1
"605","1765078",1
"606","1770720",1
"607","1772000",1
"608","1772780",1
"609","1777694",1
"610","1779293",1
"611","1784220",1
"612","1802890",1
"613","1805860",1
"614","1806616",1
"615","1807750",1
"616","1812934",1
"617","1814734",1
"618","1815256",1
"619","1820728",1
"620","1821214",1
"621","1822000",2
"622","1823278",1
"623","1825000",1
"624","1825288",1
"625","1827000",5
"626","1828386",1
"627","1828800",1
"628","1829520",1
"629","1835302",1
"630","1836003",4
"631","1838358",1
"632","1840788",1
"633","1842426",1
"634","1845468",1
"635","1848384",1
"636","1848528",1
"637","1852326",1
"638","1852740",2
"639","1869318",1
"640","1871000",1
"641","1871288",1
"642","1871972",1
"643","1872008",1
"644","1874006",1
"645","1874168",1
"646","1875428",3
"647","1876022",1
"648","1902305",1
"649","1909550",1
"650","1916860",1
"651","1918075",1
"652","1919000",1
"653","1921000",2
"654","1928020",1
"655","1934410",1
"656","1953895",1
"657","1960465",1
"658","1983145",1
"659","2012950",1
"660","2035750",1
"661","2036000",3
"662","2039350",1
"663","2048800",1
"664","2050475",1
"665","2053775",1
"666","2053850",1
"667","2057575",1
"668","2057625",1
"669","2069275",1
"670","2071000",3
"671","2075325",1
"672","2079000",6
"673","2102188",1
"674","2103574",1
"675","2103628",1
"676","2105842",1
"677","2111098",2
"678","2113978",1
"679","2114266",1
"680","2118496",1
"681","2118658",1
"682","2121322",1
"683","2124400",1
"684","2130700",2
"685","2135362",1
"686","2137108",1
"687","2140222",1
"688","2140312",1
"689","2143840",1
"690","2144686",1
"691","2147476",2
"692","2148000",7
"693","2148006",5
"694","2153130",1
"695","2158710",1
"696","2161374",1
"697","2163912",1
"698","2168232",1
"699","2169852",1
"700","2179194",1
"701","2184414",1
"702","2205000",4
"703","2205378",1
"704","2215990",1
"705","2218055",1
"706","2218125",1
"707","2218650",1
"708","2231915",2
"709","2237410",1
"710","2240665",1
"711","2251410",1
"712","2254175",1
"713","2255000",4
"714","2259445",1
"715","2262385",1
"716","2264975",1
"717","2267635",2
"718","2270000",9
"719","2270630",1
"720","2273395",1
"721","2274340",1
"722","2280010",1
"723","2280955",1
"724","2302060",2
"725","2303950",1
"726","2328205",1
"727","2330760",1
"728","2336885",1
"729","2337795",1
"730","2354525",1
"731","2355225",1
"732","2364535",1
"733","2368875",1
"734","2379515",1
"735","2404000",8
"736","2417900",1
"737","2418250",1
"738","2423975",1
"739","2428075",1
"740","2429525",1
"741","2435412",1
"742","2441250",1
"743","2441475",1
"744","2445750",1
"745","2446725",1
"746","2447125",1
"747","2447275",1
"748","2456337",1
"749","2459325",1
"750","2460275",2
"751","2466275",1
"752","2468400",1
"753","2469925",2
"754","2478650",1
"755","2483100",1
"756","2501260",1
"757","2507000",3
"758","2507740",1
"759","2509210",1
"760","2513205",1
"761","2535075",1
"762","2541200",1
"763","2545245",1
"764","2547100",1
"765","2553960",1
"766","2556585",1
"767","2567000",1
"768","2582000",1
"769","2610620",1
"770","2611200",1
"771","2612480",1
"772","2622000",8
"773","2624540",1
"774","2631720",1
"775","2633340",1
"776","2634000",1
"777","2640680",1
"778","2641420",2
"779","2642160",1
"780","2644440",1
"781","2650720",1
"782","2653780",1
"783","2655020",1
"784","2665560",1
"785","2669080",1
"786","2670040",1
"787","2670520",2
"788","2670760",1
"789","2672180",1
"790","2680700",1
"791","2681360",1
"792","2683140",1
"793","2684000",1
"794","2686000",1
"795","2688940",1
"796","2700694",1
"797","2701252",1
"798","2702908",1
"799","2710918",1
"800","2713114",1
"801","2714158",1
"802","2723714",1
"803","2727278",1
"804","2727530",1
"805","2728682",1
"806","2735180",1
"807","2739878",1
"808","2743000",4
"809","2745340",1
"810","2748310",1
"811","2754214",1
"812","2758000",3
"813","2759350",1
"814","2767288",1
"815","2806220",1
"816","2808460",1
"817","2813820",1
"818","2814420",1
"819","2815380",1
"820","2823420",1
"821","2824500",1
"822","2829180",3
"823","2829700",2
"824","2831020",1
"825","2833700",1
"826","2836000",4
"827","2845720",1
"828","2846640",2
"829","2849240",1
"830","2854840",1
"831","2855760",1
"832","2856200",1
"833","2856800",1
"834","2856960",1
"835","2857160",1
"836","2859160",1
"837","2862600",1
"838","2865720",1
"839","2866440",1
"840","2866720",1
"841","2869280",1
"842","2875360",1
"843","2878000",2
"844","2878200",1
"845","2878640",1
"846","2900280",1
"847","2902548",1
"848","2905878",1
"849","2910828",1
"850","2911656",1
"851","2913600",1
"852","2914986",1
"853","2915670",2
"854","2916030",1
"855","2917668",1
"856","2922951",1
"857","2924094",1
"858","2924778",1
"859","2926182",1
"860","2927226",1
"861","2931132",1
"862","2935000",1
"863","2937000",2
"864","2937592",2
"865","2938000",16
"866","2938072",1
"867","2939952",1
"868","2940520",1
"869","2941078",1
"870","2942032",1
"871","2946586",1
"872","2947648",1
"873","2950438",1
"874","2951572",1
"875","2951644",1
"876","2953454",1
"877","2953876",1
"878","2954074",1
"879","2956396",1
"880","2956558",1
"881","2960752",1
"882","2960788",1
"883","2964550",3
"884","2965000",18
"885","2969266",1
"886","2970000",2
"887","2971062",1
"888","2971508",1
"889","2975220",1
"890","2976192",1
"891","2978154",1
"892","3006550",5
"893","3015475",1
"894","3020800",1
"895","3032800",1
"896","3047875",1
"897","3050200",1
"898","3057175",1
"899","3067450",1
"900","3103950",1
"901","3105350",1
"902","3119595",1
"903","3128000",1
"904","3137000",2
"905","3146030",1
"906","3209700",1
"907","3223770",2
"908","3229500",2
"909","3231900",6
"910","3235275",1
"911","3240000",8
"912","3241000",1
"913","3251800",3
"914","3253800",4
"915","3254600",4
"916","3260600",2
"917","3264600",1
"918","3267200",1
"919","3268400",2
"920","3268585",1
"921","3271400",4
"922","3283800",1
"923","3285400",1
"924","3345140",1
"925","3365140",1
"926","3402080",1
"927","3404400",1
"928","3406340",1
"929","3410000",1
"930","3419390",2
"931","3422950",1
"932","3428920",1
"933","3436000",2
"934","3443380",1
"935","3451000",7
"936","3457000",2
"937","3459880",1
"938","3466570",1
"939","3473110",1
"940","3474000",1
"941","3474630",1
"942","3501780",1
"943","3502000",15
"944","3512150",2
"945","3522625",1
"946","3525800",2
"947","3532520",1
"948","3536930",1
"949","3539380",4
"950","3547220",1
"951","3552750",1
"952","3555900",1
"953","3561710",1
"954","3564930",1
"955","3565210",1
"956","3574520",1
"957","3575640",1
"958","3575710",1
"959","3578650",1
"960","3579910",1
"961","3579980",1
"962","3601000",1
"963","3602506",1
"964","3606607",1
"965","3608026",1
"966","3611000",2
"967","3618201",1
"968","3619308",1
"969","3620346",1
"970","3624229",2
"971","3627419",1
"972","3630279",1
"973","3630581",1
"974","3635694",1
"975","3638077",1
"976","3650034",1
"977","3651000",24
"978","3654441",1
"979","3658486",1
"980","3663000",1
"981","3665508",1
"982","3670123",1
"983","3670420",1
"984","3673000",3
"985","3676540",1
"986","3700160",1
"987","3701520",2
"988","3701720",1
"989","3702080",1
"990","3702140",1
"991","3702960",1
"992","3707080",1
"993","3710740",1
"994","3712000",6
"995","3712960",1
"996","3717660",1
"997","3719000",3
"998","3720600",1
"999","3722920",3
"1000","3723760",1
"1001","3724640",1
"1002","3725380",1
"1003","3725480",2
"1004","3727280",1
"1005","3728000",1
"1006","3728080",3
"1007","3729720",1
"1008","3731060",1
"1009","3731400",3
"1010","3733120",1
"1011","3734300",2
"1012","3734840",1
"1013","3735880",1
"1014","3737760",2
"1015","3738100",1
"1016","3738320",1
"1017","3739700",1
"1018","3742240",1
"1019","3743720",1
"1020","3744400",1
"1021","3745720",1
"1022","3750340",1
"1023","3753140",1
"1024","3755000",3
"1025","3755040",1
"1026","3756360",1
"1027","3758160",1
"1028","3758860",1
"1029","3759280",1
"1030","3759540",1
"1031","3761200",1
"1032","3763240",1
"1033","3766360",1
"1034","3767420",1
"1035","3769020",1
"1036","3772540",1
"1037","3774440",1
"1038","3774580",1
"1039","3775000",1
"1040","3807200",1
"1041","3819420",1
"1042","3819620",1
"1043","3872250",1
"1044","3884780",1
"1045","3887580",1
"1046","3901000",3
"1047","3909246",1
"1048","3912000",1
"1049","3915000",3
"1050","3916000",4
"1051","3916014",1
"1052","3918000",12
"1053","3921000",4
"1054","3925256",1
"1055","3925396",1
"1056","3925970",2
"1057","3926348",1
"1058","3930198",1
"1059","3934328",1
"1060","3935826",1
"1061","3936557",1
"1062","3938920",1
"1063","3939872",1
"1064","3940040",1
"1065","3941720",1
"1066","3943554",1
"1067","3952010",1
"1068","3954562",1
"1069","3955552",1
"1070","3955916",1
"1071","3956812",1
"1072","3961028",1
"1073","3962708",1
"1074","3967600",1
"1075","3973068",1
"1076","3974118",1
"1077","3974608",1
"1078","3975126",1
"1079","3975210",1
"1080","3976778",1
"1081","3976932",1
"1082","3977000",3
"1083","3977504",1
"1084","3979492",1
"1085","3980304",1
"1086","3983342",1
"1087","3984742",1
"1088","3985344",1
"1089","4000200",3
"1090","4001400",1
"1091","4004450",1
"1092","4005700",1
"1093","4006400",1
"1094","4006600",1
"1095","4010550",1
"1096","4010700",1
"1097","4014700",1
"1098","4017110",1
"1099","4019900",1
"1100","4023200",2
"1101","4023950",1
"1102","4024850",1
"1103","4025000",1
"1104","4031600",1
"1105","4031700",1
"1106","4032400",1
"1107","4033150",1
"1108","4040000",1
"1109","4041400",1
"1110","4044800",1
"1111","4046500",1
"1112","4049850",1
"1113","4050050",1
"1114","4051250",1
"1115","4052500",1
"1116","4053550",1
"1117","4054050",1
"1118","4055000",13
"1119","4056650",1
"1120","4058250",1
"1121","4060350",1
"1122","4063800",1
"1123","4065000",1
"1124","4065400",1
"1125","4065650",1
"1126","4066350",1
"1127","4072100",3
"1128","4072250",1
"1129","4073900",1
"1130","4075000",12
"1131","4079100",1
"1132","4080550",1
"1133","4101000",1
"1134","4103800",1
"1135","4105150",1
"1136","4107550",1
"1137","4111850",1
"1138","4112400",1
"1139","4115250",1
"1140","4123850",3
"1141","4126050",1
"1142","4129350",1
"1143","4129950",1
"1144","4134100",4
"1145","4135450",1
"1146","4139700",1
"1147","4153900",1
"1148","4154900",1
"1149","4155268",1
"1150","4159000",3
"1151","4164900",2
"1152","4167100",1
"1153","4172950",1
"1154","4202000",2
"1155","4202056",1
"1156","4203312",1
"1157","4215808",1
"1158","4219784",1
"1159","4222016",1
"1160","4223152",1
"1161","4224536",1
"1162","4231200",2
"1163","4232800",3
"1164","4233772",1
"1165","4239736",1
"1166","4241216",3
"1167","4243720",1
"1168","4248000",1
"1169","4253736",1
"1170","4255608",1
"1171","4256000",1
"1172","4256576",1
"1173","4260000",7
"1174","4261000",3
"1175","4262088",1
"1176","4262416",1
"1177","4262744",1
"1178","4263624",1
"1179","4265256",1
"1180","4269720",1
"1181","4270352",1
"1182","4270652",1
"1183","4273808",1
"1184","4274104",1
"1185","4278448",1
"1186","4280368",1
"1187","4281080",1
"1188","4282088",1
"1189","4282320",1
"1190","4283656",1
"1191","4284144",1
"1192","4285188",3
"1193","4286472",1
"1194","4459000",1
"1195","4501360",1
"1196","4501450",1
"1197","4504060",1
"1198","4511035",1
"1199","4511125",1
"1200","4513330",1
"1201","4513735",1
"1202","4514095",1
"1203","4516000",1
"1204","4517845",1
"1205","4518430",1
"1206","4522075",1
"1207","4523110",1
"1208","4524865",1
"1209","4525810",2
"1210","4528375",1
"1211","4530850",1
"1212","4530895",1
"1213","4532245",1
"1214","4532560",1
"1215","4534495",1
"1216","4547200",1
"1217","4549075",2
"1218","4554535",1
"1219","4556905",1
"1220","4566580",1
"1221","4568290",1
"1222","4570585",1
"1223","4577042",1
"1224","4579630",1
"1225","4634460",1
"1226","4648500",1
"1227","4652980",5
"1228","4655940",1
"1229","4703440",1
"1230","4704720",1
"1231","4705140",1
"1232","4706740",1
"1233","4707120",1
"1234","4708540",1
"1235","4711280",1
"1236","4714000",4
"1237","4715160",1
"1238","4715580",2
"1239","4716420",1
"1240","4716980",1
"1241","4717300",1
"1242","4723500",2
"1243","4725440",1
"1244","4726120",1
"1245","4726490",1
"1246","4727740",1
"1247","4730880",1
"1248","4730980",3
"1249","4738020",1
"1250","4738320",1
"1251","4739560",1
"1252","4740000",4
"1253","4740180",1
"1254","4740350",1
"1255","4740540",1
"1256","4741860",1
"1257","4743140",1
"1258","4748000",6
"1259","4748360",1
"1260","4749740",1
"1261","4750280",3
"1262","4751080",1
"1263","4752006",2
"1264","4753000",1
"1265","4755120",1
"1266","4766220",1
"1267","4766660",1
"1268","4769420",1
"1269","4769560",1
"1270","4769740",1
"1271","4773120",1
"1272","4775320",1
"1273","4777980",1
"1274","4781080",2
"1275","4801000",2
"1276","4801696",2
"1277","4802272",1
"1278","4803000",6
"1279","4804000",8
"1280","4805000",8
"1281","4806128",1
"1282","4807000",2
"1283","4809160",2
"1284","4810768",3
"1285","4811464",1
"1286","4812388",1
"1287","4813024",2
"1288","4813732",1
"1289","4814236",1
"1290","4814668",1
"1291","4815160",1
"1292","4815628",1
"1293","4815820",1
"1294","4816432",2
"1295","4817000",3
"1296","4817948",1
"1297","4819000",9
"1298","4819972",2
"1299","4820428",1
"1300","4821556",1
"1301","4822660",1
"1302","4823272",1
"1303","4824000",4
"1304","4825452",1
"1305","4826680",1
"1306","4826808",1
"1307","4827000",8
"1308","4827696",1
"1309","4828068",3
"1310","4829000",4
"1311","4829336",1
"1312","4829660",1
"1313","4830464",2
"1314","4831964",1
"1315","4833320",1
"1316","4835000",33
"1317","4835348",1
"1318","4837000",2
"1319","4837984",1
"1320","4839124",1
"1321","4839148",2
"1322","4839868",1
"1323","4840588",1
"1324","4841116",1
"1325","4841212",1
"1326","4841404",1
"1327","4841440",1
"1328","4841464",1
"1329","4841980",4
"1330","4843012",1
"1331","4843024",1
"1332","4843888",1
"1333","4845000",2
"1334","4845072",2
"1335","4846776",1
"1336","4847628",1
"1337","4848072",4
"1338","4848096",1
"1339","4848768",2
"1340","4848804",1
"1341","4848936",1
"1342","4849464",1
"1343","4850808",1
"1344","4853388",4
"1345","4854708",1
"1346","4854960",1
"1347","4855080",1
"1348","4856000",2
"1349","4856108",1
"1350","4856348",2
"1351","4857980",1
"1352","4858016",2
"1353","4859084",1
"1354","4860140",1
"1355","4861436",1
"1356","4861904",2
"1357","4862138",1
"1358","4862828",1
"1359","4863500",1
"1360","4863572",1
"1361","4864472",1
"1362","4865000",21
"1363","4865036",1
"1364","4865168",1
"1365","4865408",1
"1366","4866128",1
"1367","4866764",1
"1368","4867496",1
"1369","4872176",1
"1370","4872656",1
"1371","4875308",1
"1372","4876000",2
"1373","4876672",1
"1374","4879000",1
"1375","4879624",1
"1376","4879876",1
"1377","4901530",1
"1378","4911320",1
"1379","4914290",1
"1380","4936950",1
"1381","4940360",1
"1382","4943660",1
"1383","4947290",1
"1384","4955210",1
"1385","4955980",5
"1386","4964340",1
"1387","4965110",1
"1388","4967000",2
"1389","4971070",1
"1390","4975360",1
"1391","5010675",1
"1392","5022300",1
"1393","5046000",1
"1394","5061225",1
"1395","5068050",1
"1396","5101000",1
"1397","5103000",1
"1398","5103208",1
"1399","5109816",1
"1400","5110744",1
"1401","5114544",1
"1402","5114968",1
"1403","5114984",1
"1404","5116000",1
"1405","5120752",1
"1406","5121344",1
"1407","5121648",1
"1408","5124544",1
"1409","5125136",1
"1410","5125877",1
"1411","5127440",1
"1412","5129040",1
"1413","5135624",1
"1414","5137432",1
"1415","5138424",1
"1416","5139528",1
"1417","5148450",1
"1418","5150568",1
"1419","5156000",3
"1420","5157000",2
"1421","5158312",1
"1422","5164880",1
"1423","5167000",1
"1424","5168000",1
"1425","5170256",1
"1426","5172272",2
"1427","5174470",1
"1428","5176912",1
"1429","5178736",2
"1430","5182000",5
"1431","5188000",1
"1432","5300100",1
"1433","5303180",1
"1434","5303736",1
"1435","5304405",1
"1436","5305280",1
"1437","5307695",1
"1438","5307940",1
"1439","5308850",1
"1440","5310455",1
"1441","5317320",1
"1442","5317635",1
"1443","5322640",1
"1444","5323515",4
"1445","5323795",1
"1446","5324188",1
"1447","5325475",2
"1448","5334645",1
"1449","5335275",2
"1450","5335415",2
"1451","5335940",2
"1452","5336045",1
"1453","5336920",1
"1454","5338038",2
"1455","5340245",2
"1456","5343955",1
"1457","5344480",1
"1458","5346895",1
"1459","5347175",1
"1460","5350360",1
"1461","5352267",1
"1462","5353335",1
"1463","5353545",2
"1464","5356695",1
"1465","5357745",1
"1466","5358795",1
"1467","5359110",1
"1468","5363000",6
"1469","5363960",1
"1470","5367000",4
"1471","5367167",3
"1472","5370000",5
"1473","5370280",1
"1474","5371400",1
"1475","5373255",1
"1476","5374060",4
"1477","5378155",1
"1478","5380010",2
"1479","5404276",1
"1480","5409868",1
"1481","5414600",5
"1482","5415628",1
"1483","5416012",1
"1484","5419108",1
"1485","5430220",1
"1486","5432716",1
"1487","5437036",1
"1488","5439460",1
"1489","5439532",1
"1490","5440204",2
"1491","5451676",1
"1492","5455756",1
"1493","5459836",1
"1494","5462788",1
"1495","5472292",1
"1496","5485924",1
"1497","5485996",1
"1498","5502375",1
"1499","5503025",1
"1500","5503825",1
"1501","5507900",1
"1502","5511950",1
"1503","5517425",1
"1504","5522300",2
"1505","5523300",1
"1506","5530425",1
"1507","5531000",1
"1508","5539350",1
"1509","5546075",1
"1510","5548000",1
"1511","5551250",1
"1512","5553000",4
"1513","5553500",1
"1514","5560500",1
"1515","5561100",1
"1516","5562175",1
"1517","5566000",1
"1518","5567320",1
"1519","5575325",1
"1520","5582600",1
"1521","5584250",2
"1522","5584475",1
"1523","5584675",1
"1524","5585300",1
"1525","5586025",1
"1526","5613150",1
"1527","5613900",1
"1528","5666220",3
